Material,Finish,SFE,Roughness,G_prime,G_double_prime,Thickness,Cross_Link,Holding_Time,Failure_Mode
Plastic,Mirror,28.7381150796896,0.26082598504685617,9564,1868.599137360854,75,0,37.31788024062787,0
Plastic,Mirror,34.1183043705301,0.46372664716238066,32509,11498.53411239388,100,1,9.029066277569854,1
Glass,Mirror,37.57099956520315,0.24978842946406238,8419,1195.7379010180714,75,0,46.42857963778721,0
Metal,Mirror,39.4357981934869,0.0,15311,2011.5899706651587,75,2,24.22443213791036,0
Glass,Matte,36.99364159093802,1.8240232575670197,18372,4647.988747954755,100,1,16.540314759035546,1
Plastic,Hairline,31.297044352566445,0.0,8158,1579.121994632135,200,2,106.63802901204909,0
Metal,Mirror,42.38288305902595,0.0,5191,1073.3387494168182,50,2,52.98047343220186,0
Wood,Hairline,26.192288085798317,0.11972316496221941,17686,7316.5712542008,75,2,8.809150574230527,1
Wood,Hairline,26.051922761035875,0.7329246181010611,25763,3433.1935137803134,150,1,6.565909339077525,1
Metal,Mirror,33.94564287333753,0.23055908660472305,23233,6328.348797509101,150,0,15.11058779605969,1
Plastic,Hairline,26.091603183315137,0.0,31527,12730.707193038967,50,0,8.426535328534086,1
Plastic,Matte,18.110682261220333,1.790558793890367,9702,4189.619171956883,75,2,8.206397994229338,1
Wood,Hairline,29.901545341902043,0.06274187127373043,9513,3279.855544688861,50,1,15.140139727071885,0
Plastic,Rough,29.579712293126995,3.1640778325632724,15140,1754.733596460371,50,2,2.0374603057686693,1
Glass,Mirror,32.49088373460308,0.0,20448,7852.122600759202,75,0,9.33268564031393,1
Plastic,Matte,30.845561101810013,1.2583431460501922,30885,3621.6829164167634,100,0,6.2726205369668,1
Metal,Mirror,34.92040618001951,0.0,22627,10125.881500322312,75,1,12.620976070838278,1
Metal,Matte,31.563921299588806,1.92509881753658,29577,3206.3569687207955,75,0,14.803052482400807,1
Plastic,Rough,34.40303195095503,3.043755107856891,30665,5803.278238444492,150,2,12.80935064987903,1
Glass,Hairline,42.207868318191736,0.5651541746053185,27451,6300.671044820915,200,2,36.34087079709993,1
Glass,Rough,40.623769642146115,2.3382905326400927,34032,4750.599241776504,200,1,27.22188642811307,1
Metal,Mirror,43.5469761451808,0.0,31744,15689.818042585222,200,2,30.18648303204675,1
Wood,Hairline,24.588766649543814,1.4756993872832687,5300,2492.0659625409385,150,0,103.03922893963335,0
Glass,Matte,36.4255407022118,1.5684014732796452,11254,1776.9780097116131,100,2,47.695652619957634,0
Metal,Hairline,39.70318921265701,0.0659543938446065,30093,3783.6733235831516,75,1,13.250369580287348,1
Metal,Mirror,39.42537493196078,0.0,21335,7790.378183860931,150,1,27.542129203729793,1
Wood,Hairline,16.191026285251496,0.8609547318665373,10136,2041.7260476301071,75,2,17.339557837843493,1
Wood,Rough,20.36254703675153,2.4130913967117387,9670,2696.923521611494,150,2,33.84700029562319,1
Plastic,Matte,37.42437147840138,2.103280389588387,20544,9143.490362319311,50,2,9.490072610657755,1
Plastic,Matte,33.72017373560583,1.7586708628118743,33931,16820.59681111201,200,1,16.548265524371754,1
Metal,Matte,37.60972659967672,0.7823898561317894,11457,1969.1991807709715,200,2,100.64247246126595,0
Plastic,Hairline,33.97078674177019,0.6954010958595086,6453,3182.035825685515,75,1,60.73202501921033,0
Wood,Rough,28.041303022163394,3.046025414135925,10564,3950.417889812801,100,1,31.082572184748308,1
Plastic,Matte,23.986740032765965,1.511243715924529,5694,2800.0014755033003,50,0,34.58513478393347,0
Metal,Mirror,38.895548842716416,0.5213512526143974,21145,9913.927775973598,200,0,42.9519863520476,1
Metal,Hairline,44.46896843122808,0.5200936696924793,13584,4527.947665093964,50,0,28.152620860044294,0
Plastic,Mirror,29.876186336246747,0.0,7615,3785.2083820511793,75,1,14.670987295839382,1
Metal,Hairline,36.499340394409586,1.0339617739903875,28201,4436.782465381384,100,1,3.6184026962794977,1
Plastic,Rough,25.616928751526927,2.7986541616241722,30929,14671.50142094126,200,0,11.905511375017944,1
Glass,Mirror,43.89702515765289,0.6681847505020057,20292,5263.061044319588,50,1,14.493664142963885,1
Metal,Mirror,36.52233604635656,0.11222703173205167,5530,2558.401285087256,75,1,43.7759669516513,1
Glass,Rough,31.682727290840113,3.324262995981882,8309,1376.2978769008978,75,1,39.37418197405558,0
Glass,Hairline,39.52058441745155,0.2756943196657705,6619,3017.699197097443,150,0,126.44767653701795,0
Plastic,Hairline,36.61108502217128,0.08818711276513086,26395,9566.5620183793,200,0,32.781200071653686,1
Wood,Matte,15.27688712371269,0.7583920890608589,17778,2033.7829334303906,200,0,11.907580509878725,1
Glass,Hairline,29.398772655458977,0.357133385136329,29353,10569.398867118654,75,1,3.551605769394258,1
Metal,Matte,33.271353115841,1.4396997333168282,18895,8920.222643807825,75,1,9.76041425537487,1
Metal,Mirror,33.84962017867345,0.0,23990,3699.9264763083006,200,0,25.081870431457588,1
Plastic,Rough,21.190143032465038,3.822886415138959,8736,1624.6009445141915,50,0,13.053962716424753,1
Metal,Mirror,36.941175314479565,0.4908784320706976,26460,11217.302275399681,200,2,30.953966495369404,1
Plastic,Mirror,36.260411724871176,0.15219826034180284,30789,8289.52762747335,75,0,1.1435182815739466,1
Wood,Mirror,24.39380363705352,0.7035823270560528,16030,7092.867195355058,50,0,17.259016041911515,1
Plastic,Matte,33.71502952486955,1.5094277425466456,5630,1588.68582142962,50,0,42.12015488648174,0
Plastic,Hairline,32.26317490575456,0.47461213429709703,25087,8945.179793883635,100,2,10.596983073154368,1
Glass,Matte,31.726828553262198,2.2823345124958827,11390,4846.182968076269,200,0,43.056501784928926,1
Metal,Hairline,34.42916478887156,1.5111574000630166,12620,3448.0922641222237,150,0,38.81984772605385,1
Glass,Mirror,39.46155218676056,0.5488721963357764,17729,4233.8152934423515,150,1,49.72339091135368,0
Wood,Hairline,25.1887183272383,0.29291800512359834,26752,4032.0700740130455,100,1,9.244584524929875,1
Wood,Matte,27.37908401394652,1.681924304195106,12634,1614.2822940259043,150,1,33.471281499745196,1
Metal,Rough,58.13121233328829,1.9199442280112777,20498,3087.7635908849397,75,2,30.561711601674688,0
Glass,Hairline,34.541859527591086,0.91136327897294,28281,10876.711315771146,50,0,1.4656857362549962,1
Plastic,Rough,31.743344361170717,3.528004804205982,34101,12907.340779724243,75,2,8.329978445448479,1
Metal,Hairline,38.38705739446245,1.2507017915537335,32204,11496.074670068514,75,1,21.85889598027166,1
Glass,Rough,34.58630071026772,2.9356789504244225,11653,2625.289483929584,150,1,72.25734023726997,0
Plastic,Matte,19.304078804723375,2.36690854317349,30726,8540.109816126038,100,2,2.712755269854707,1
Glass,Mirror,37.65546119527988,0.10908924484723616,33323,7576.423368176393,150,2,13.502512265396343,1
Wood,Rough,20.890485001998805,3.4092730849769723,6410,1755.5471914455638,100,2,47.36749584486309,0
Wood,Rough,26.87802249646921,2.9841702284287903,25246,9775.770581684323,75,0,9.416835599499173,1
Glass,Rough,36.844400817748216,2.8260503583889722,30546,6453.665714196975,75,0,4.944704089097594,1
Glass,Hairline,34.79508749350282,0.6977724237925592,20038,5239.875076864891,200,2,34.77923576287611,1
Metal,Mirror,40.03071345817899,0.0,33276,6919.33392528612,75,1,9.835473502469158,1
Plastic,Matte,25.08978079138833,2.1676412931408313,11580,3038.5620721711107,100,2,31.963234863480658,0
Wood,Rough,30.755264685541082,3.86308994696713,9563,3012.0344609043113,150,2,62.77067289204868,0
Wood,Mirror,23.888873574086155,0.0,6819,2186.972064435651,100,0,29.843891716825077,1
Metal,Matte,38.489233209734195,2.3395452508486203,12711,2273.817522344623,200,0,91.8532711830108,0
Plastic,Hairline,25.49964885520905,0.0,34443,10842.87613023646,75,1,5.903477559539239,1
Wood,Hairline,25.786843937261025,0.8599718264011578,32984,13184.345038047522,200,0,12.132634931699394,1
Wood,Mirror,20.820902972895162,0.07796758698339967,13621,6200.522925434283,100,0,16.960119296390832,1
Glass,Matte,34.51892299417832,1.1680740055005874,8685,2090.4882280775446,100,2,54.10849739041668,0
Wood,Rough,26.20575994359143,1.7879866966317597,32154,10391.233254425126,50,2,1.7218817050226445,1
Wood,Mirror,25.46471939432198,0.7715699062957184,13107,4071.2181222734935,150,1,38.29660228437926,1
Wood,Hairline,19.960777801633167,0.7099473148981834,9449,3282.4352142689554,100,1,12.721190600087613,1
Glass,Hairline,39.99144030561622,0.22034207145836787,34006,3873.3094062787395,50,0,9.014357385681189,1
Glass,Mirror,38.43699437195758,0.20809704813149857,17281,3786.834561857615,50,0,11.023538081996668,1
Glass,Hairline,28.122840992639404,0.8895208090106346,16629,6591.711212016131,150,0,38.65761135062439,0
Glass,Matte,36.87812485745476,0.9025714167804941,11009,1792.940408556217,75,0,36.503246661100235,0
Plastic,Rough,40.661800304414896,1.858116589157709,8044,879.9559844524571,200,0,147.7268637862127,0
Wood,Rough,19.491427059080593,3.2738454180542824,20337,3776.5033576025944,50,1,10.681104610359611,1
Plastic,Rough,28.0363009667022,3.2454373627565025,5652,2365.7850164374554,50,2,23.694377719976515,1
Metal,Matte,44.11724265456498,2.2850362237974315,8807,3040.965380453723,75,2,57.32690977694062,0
Wood,Hairline,27.124459506452812,0.3338931894368698,29820,11738.723427732995,150,0,2.682600908479907,1
Wood,Hairline,22.92295916643127,0.835632096438965,28414,10346.249920766048,100,2,13.404254345121116,0
Metal,Rough,28.54080972098739,3.1283210742883267,8678,3144.5733219760327,50,0,33.666191851440374,0
Plastic,Mirror,31.41852437989751,0.0,10891,5214.050341974315,150,2,47.43144616308741,1
Plastic,Mirror,29.271436612584054,0.3462759096930482,10865,2951.636171082604,75,2,25.744675289423547,1
Wood,Mirror,25.169610901427404,0.0,26485,6051.6912365004955,200,2,20.468574107847477,1
Glass,Hairline,36.11326254667101,0.297349980326506,30991,7894.066954611085,100,2,6.363630381167773,1
Wood,Rough,22.682701793561527,2.678799574508216,6055,940.4590576693502,100,0,54.23395274245786,0
Plastic,Rough,23.056762444520746,3.0228735926616075,14864,2992.6039455338137,150,2,29.271219018672557,1
Glass,Hairline,36.484922542458094,0.4365818833027129,15194,6911.5461505289095,50,2,12.995118940109158,1
Plastic,Mirror,36.484804260581086,0.014678306034693098,24589,11180.455355906712,50,0,8.728230142573036,0
Metal,Hairline,45.59779558127866,0.8703408261753961,26953,13348.77033558109,100,0,20.992908614433915,1
Glass,Rough,42.69676174297914,2.9459453393606165,18598,2362.1698857920987,150,0,46.999199667102054,0
Glass,Matte,33.79932999599476,0.8445543933198932,15762,2163.388387643971,75,0,10.077268419108142,1
Plastic,Hairline,33.17489884994274,1.3313236974028357,10054,2100.7591872348553,50,2,27.443514706488838,0
Glass,Hairline,34.533327467884305,0.8887279851334057,34072,9672.101774980414,150,2,27.41435453001323,1
Plastic,Matte,30.425156279290743,1.242008899052185,31387,11854.306323677414,50,1,0.1,1
Plastic,Mirror,37.11488374008087,0.4513778579200016,34705,10151.13130687063,150,2,19.302922935475483,1
Metal,Mirror,27.40671495462603,0.0,20556,4013.5833489691568,100,1,17.594084611291358,1
Glass,Matte,29.599109694061337,1.503301032229922,6470,2885.3924226146314,200,1,130.49126204903885,0
Glass,Mirror,43.08338050218684,0.42048069008073163,10410,3002.7298292028745,150,1,85.8669414779054,0
Glass,Matte,31.161937963564647,1.2445767531322123,24712,5229.485857961279,200,1,28.262108424355173,1
Metal,Mirror,34.426551217130616,0.0,33452,4747.721981457548,150,1,8.576668755756533,1
Metal,Mirror,43.14999670082408,0.3343914594108644,33453,15571.023879567503,75,0,3.4970576339668407,1
Plastic,Rough,45.981403050463804,3.665896664180645,10054,1445.05458030817,200,0,136.9884517458947,0
Plastic,Rough,24.188513230480535,2.756098808858245,34667,11811.579868759869,50,1,9.848792605419007,1
Plastic,Mirror,29.002058941503886,1.1141928603696802,24755,9157.851747066261,50,1,10.58948011839284,1
Plastic,Matte,34.0960249587848,1.484822031805819,24550,6505.450150821266,100,2,13.748071605074998,1
Plastic,Rough,28.625615548711536,3.4560907544065564,24754,5541.6695029747925,200,1,18.624170893659358,1
Metal,Hairline,43.61146757238191,0.0,12794,6017.167112290279,75,1,39.53409107587153,0
Plastic,Rough,34.454683953648434,2.188222059111606,8074,3861.9740352039867,150,1,94.58227526871877,0
Metal,Hairline,48.71656908556937,0.5064947222268781,33413,7679.57408341592,200,0,25.65012332074996,1
Glass,Matte,39.18202640730806,0.8441833945563813,28748,13279.811875307174,75,2,12.934983969921532,1
Metal,Hairline,38.58345989668618,0.6626716217719958,23552,2641.2101811303082,75,2,10.132554021198246,1
Metal,Hairline,34.31433837736455,0.3316555910608132,24323,5710.064012585444,50,0,8.274115430106537,1
Metal,Mirror,38.96062154345224,0.0,22552,7931.703675609569,150,1,21.056713683937524,1
Glass,Hairline,38.662493075842136,1.5173161267735205,8080,1656.0522576337646,50,2,38.20845648281981,0
Plastic,Rough,30.370634415401646,2.7423376354616873,8007,2166.5292861752637,100,2,34.789227905583594,1
Metal,Rough,37.861413317025814,2.5367284064704663,31350,8411.66777046531,150,1,10.771312173587802,1
Wood,Rough,17.101388595076035,2.1801302670215,22716,4282.832627586474,50,2,7.719458092246508,1
Plastic,Rough,24.346626505481993,2.970378224338925,13409,4624.17155184283,200,0,37.648624574858246,1
Glass,Hairline,30.697962863443458,1.2789178803952965,10388,5047.247458912616,75,0,33.56939662000471,0
Metal,Matte,41.93282692648096,1.377855702425134,8461,1904.5719417195123,100,1,70.72706362205996,0
Glass,Hairline,29.831349575781623,0.09588358417839721,23159,5898.704208836725,100,1,11.255433073176063,1
Metal,Matte,37.049106557570845,1.659683020925112,34959,8096.993321264395,150,2,13.485551384631126,1
Glass,Matte,33.24224868686175,1.9547710596545549,10748,3435.6105527945538,200,0,62.92901982941026,1
Plastic,Rough,29.73835851554635,3.039548019787167,8809,1482.3994357579,100,2,58.17855028867653,0
Wood,Mirror,18.07961158719003,0.0,9863,2396.1930363894135,100,1,24.923444650775092,1
Wood,Rough,20.600832993146316,3.4361550902248585,7487,2324.2573451359954,100,0,21.190925307479496,1
Wood,Matte,26.192157335115862,1.6696284657299463,24337,9691.897098861522,150,2,16.440943953073543,1
Wood,Matte,20.21900556018035,1.9847371763350883,7577,3607.2879255559237,50,1,28.813196357075007,0
Metal,Matte,47.9196801622505,1.161336157555329,18610,6302.015908822558,150,1,33.16958207918745,1
Wood,Matte,20.501685729382338,2.1351925270304233,14012,4836.170171101498,100,2,20.541551077443916,1
Plastic,Matte,24.521276860653348,1.176076547506986,8276,3388.457070917186,200,1,86.1779540748852,0
Glass,Mirror,36.01334668043989,0.7299539493730789,10597,3627.615575390215,75,1,30.913880224120135,1
Plastic,Rough,33.37249671488209,3.7625444038243803,22097,2596.0294473022905,200,2,22.62180035266029,1
Wood,Hairline,24.345456245314395,0.18753316298003564,30148,12133.85561524062,100,2,12.699079071589326,1
Metal,Rough,43.05412791417185,2.56030322677528,21543,10113.06934392446,50,0,11.039838164688964,1
Plastic,Matte,34.18777141863286,2.0820888999254232,10830,4197.04388451996,150,0,73.77603166034865,0
Wood,Matte,23.777856696185115,2.08843893333937,16326,3900.8606004408975,200,1,32.005727997480975,1
Plastic,Rough,31.467631142849665,3.6116158998562105,5791,1134.2282495894544,150,1,80.95189254298552,1
Metal,Matte,37.96921602227858,1.2273896291855242,12353,5703.711778687451,150,2,43.77416945606212,1
Glass,Matte,42.68159354761504,2.626191658264061,6847,1178.6367992487199,200,1,173.13859369103494,0
Metal,Mirror,37.43872095474246,0.29786746236730044,9239,3572.077768165905,200,2,123.08509788088064,0
Glass,Matte,34.7546687939551,2.2089792652562315,14007,3211.5675745159356,200,2,71.64033222545913,0
Glass,Matte,34.55052645133337,1.6033246890614274,25781,4147.887065904282,100,2,13.089783552667859,1
Wood,Hairline,23.16930172048988,0.5482365728639375,28312,12864.189160308391,150,1,10.310208852297668,1
Wood,Rough,10.169903375106626,2.454594409077723,8566,2993.7071552232537,150,2,16.676864491321947,1
Metal,Rough,43.127217856824394,2.8940688602806737,21144,9799.363843154739,200,1,68.72012848201811,0
Glass,Mirror,45.18685860612079,0.29788295555243804,11235,3696.569975850889,150,2,91.76503320075865,0
Glass,Matte,37.5955019524579,1.9151747059703623,18966,8013.566259006654,200,0,35.69536386094581,1
Wood,Hairline,21.35550432702837,0.8666387985813063,21015,3177.327654683548,100,0,15.816121726337162,1
Glass,Hairline,29.773835253570816,0.21230202846708507,9921,2699.262378333378,50,0,18.79130266516613,0
Glass,Rough,28.612539828741046,2.3053315104574765,9755,4408.648300271331,75,1,30.92115605791438,1
Wood,Rough,25.87869235005684,3.1518188124988384,24738,4762.688685552951,100,1,9.113599145052433,1
Plastic,Hairline,35.75409069811006,0.3396069516295917,33214,12705.297531981683,100,1,4.667812151281285,1
Glass,Mirror,41.41516676212363,0.0,21290,9073.27911223345,150,0,21.743710209434884,1
Metal,Matte,38.556035452823565,1.3449787463335303,30646,5173.084809246212,100,2,10.741449116723901,1
Wood,Rough,12.457438963759213,3.3342039407780795,18472,9103.750286733017,100,2,0.1,1
Metal,Rough,44.98401064010593,2.8296971331598146,30762,9997.482318515278,150,2,20.383701145585622,1
Glass,Rough,31.641368386503263,3.2149412745893216,15856,3267.1555536993633,100,2,27.622565179772213,1
Glass,Rough,34.968667249089584,3.156381652933397,6359,1652.4218270615106,150,0,115.5337084190175,0
Metal,Mirror,40.98419197062544,0.0,29895,3321.923572509191,50,2,5.0745598489858885,1
Glass,Rough,38.20620698218839,2.697563063188574,12700,1731.7376229584368,100,1,50.758646826201215,0
Metal,Mirror,46.47859158367035,0.0,30857,4973.905807409713,50,2,6.622780449120341,1
Glass,Rough,34.19863222784958,2.83400368629294,5932,1455.682007521822,200,0,110.59797925886386,1
Glass,Rough,39.55325996843338,3.2090737317241373,31481,7719.169403038026,75,0,12.088938852853829,1
Plastic,Mirror,29.634179485946678,0.2630490399776271,21897,4025.2764425673286,150,0,17.094619210255807,1
Glass,Mirror,36.555063756664865,0.0,22960,4134.280655687081,50,0,8.671014800052799,0
Wood,Hairline,22.996708135544743,0.5774136230246923,8414,3505.4802855320017,100,2,22.55847253244495,1
Metal,Hairline,54.13493183983389,1.2300538342497402,9339,1783.5416801119545,75,0,40.09623886524657,1
Metal,Rough,43.33383958264135,2.7883184181921425,21697,8903.40342649216,75,0,23.96263003199103,0
Wood,Rough,23.53580695843102,2.493372077275936,29783,14117.186148926638,75,2,0.1,1
Wood,Hairline,28.071012907673367,0.0,26148,12137.141359693214,200,0,11.915048701076133,1
Metal,Mirror,42.72674559219886,0.0,24810,12063.727638755097,50,0,3.274557406146232,1
Glass,Hairline,34.33673426068489,0.7007767352543736,33841,10811.330256600419,50,0,6.023746994918136,1
Metal,Rough,36.04336151660058,3.139531299827509,10970,3626.8485650294674,150,2,72.25993538386429,0
Metal,Matte,50.714776582893016,1.1989333954264554,25215,11765.689775825746,200,1,62.841941119519795,0
Glass,Matte,30.6480416886187,1.312383399339576,28373,4154.303031991105,75,2,1.4750914755062565,1
Metal,Hairline,43.19447884504483,0.0,18295,8992.744773216755,50,1,11.027825214852356,1
Metal,Rough,33.89776147363743,3.649527104330838,23139,5670.528771716826,100,1,15.909530639583087,1
Plastic,Mirror,26.714031039358105,1.4313925093243014,11183,1585.9121840130829,75,1,20.971593402392564,0
Wood,Matte,27.394296687595848,0.5170594432224045,23170,5741.120888853986,150,2,8.981725982682569,1
Metal,Rough,42.897344138592075,2.3425410208171495,23182,8017.439728512757,200,1,22.922805759945184,1
Glass,Mirror,38.49647970229428,0.7397304506394499,7573,1785.8927983854999,200,1,141.51811429647762,0
Plastic,Rough,33.51473821076708,3.408396261017383,15794,6141.419377244488,50,1,10.230925557196453,1
Metal,Rough,35.13656414420093,3.3663002067933454,11251,2104.425601159889,75,1,41.43201453100924,0
Wood,Mirror,24.90276331591903,0.4122026009910078,22053,3486.8052379441383,200,0,30.533773008701097,0
Metal,Hairline,42.951633678681034,0.6732428819649503,12843,4450.449310090011,100,1,46.36534324572093,0
Metal,Matte,38.703924888434315,1.077856569173213,10410,4142.628939679478,50,2,19.20431835453021,0
Metal,Rough,41.187101829004476,3.3414775368523664,20515,5225.070593966267,150,2,30.974772242812584,1
Metal,Hairline,40.38404665045543,0.5130031201312834,5499,1458.1272928667474,75,2,77.22642385996292,0
Glass,Rough,31.26766018803071,3.006769805987375,28553,8088.295915162161,200,0,23.460471685960975,1
Plastic,Matte,24.09531067114976,1.6621701100153212,11483,1602.0893475510618,75,1,25.99509419572796,0
Plastic,Hairline,35.81204512133547,0.0,13233,6267.307623489603,100,1,37.85400417081435,1
Glass,Rough,34.6045964597014,2.7655724254519063,14849,5291.500235691995,75,0,8.874125599061141,1
Glass,Mirror,33.274582264807655,0.0,16688,6989.6434510611225,200,1,38.01847049557093,1
Metal,Matte,36.02683469693361,1.9072792166017152,16083,5412.241481058725,50,2,18.332622676806736,0
Wood,Rough,26.186634731342693,2.9320760248860327,21198,10023.194754102104,100,1,9.996582665989536,1
Plastic,Mirror,37.26268662391302,0.053165195283097225,34013,10675.842964609885,150,1,8.879922841605126,1
Metal,Matte,44.18453010722153,1.8567690510583823,13128,5615.614991419926,100,1,43.669822001948276,0
Plastic,Matte,27.025803807994606,0.8013918461103702,33104,11923.174351429612,50,1,4.0877741939704375,1
Wood,Hairline,28.61805914727913,0.8638652532644191,18448,6408.431002141299,200,1,28.748671363605144,1
Metal,Matte,41.56853750436515,0.6877092759429153,7204,1707.9632383175522,75,2,36.93529263818236,1
Glass,Hairline,30.433367909062746,1.3428039124333104,20440,3617.4294247450093,75,1,8.18545185916205,1
Glass,Hairline,28.04167033126877,0.9893198212147687,17395,2155.071698069428,75,2,9.09067645546077,1
Glass,Hairline,33.78236793935713,0.0,31096,7090.374482373907,75,0,7.291088930523736,0
Metal,Rough,36.36688602060498,2.0608267533270705,23564,3777.9151700603657,200,0,29.15989052525846,1
Plastic,Hairline,33.63674346674851,0.6584046810599344,30828,13023.84286680694,200,1,18.161020634446,1
Wood,Hairline,24.666719660984064,0.9319580495151514,32992,10946.12197514704,75,1,0.1,1
Metal,Rough,37.30620176688543,2.5215892407729847,29647,6256.860115329026,75,2,11.88402552839032,1
Glass,Rough,31.730742343308165,2.3291710957589187,24390,9011.78660486409,75,0,16.181115695162987,1
Metal,Matte,37.050232276247804,1.0433835896688413,17519,4117.996751937003,75,2,11.653500515732787,1
Metal,Rough,50.383120284862315,2.6336778710997364,7846,1113.5902351274265,50,0,58.880263001009254,0
Glass,Rough,36.85532362317647,2.6581759201852084,34371,4642.120141088789,50,1,1.6446471988995155,0
Plastic,Mirror,25.4841365874992,0.0,17576,3444.1496817784705,150,2,16.989074464318435,1
Wood,Rough,27.661862780288793,3.209149987482009,20737,5442.238901866766,100,0,12.900565405372847,1
Metal,Hairline,42.735673111857984,0.6825457725955976,33248,4499.840390207107,150,0,25.635629877672024,1
Plastic,Hairline,30.16067138200446,0.0,21734,6674.939004908503,100,0,15.95329009465383,1
Metal,Hairline,33.19175869793466,0.5784845534638291,11633,1514.0517825454262,50,0,16.3634495255316,1
Metal,Hairline,34.4250143345042,0.0,20098,2935.5910574248924,100,2,18.84285138221616,1
Metal,Mirror,43.52277225824247,0.0,5035,1106.9098515218457,200,0,244.47383056099787,0
Metal,Hairline,35.68663093815803,0.5651215296216657,27294,4584.907209426143,50,1,3.877406293271562,1
Wood,Matte,25.804903839984018,2.022309093800364,17578,5696.459998699369,150,2,20.148308373069277,1
Wood,Mirror,24.056163129047007,0.3434778137994117,14479,1903.2505725352726,75,2,14.43288248541265,1
Glass,Mirror,40.91867268326305,0.34915261538268155,17927,3077.8218050094456,200,1,50.784498159828715,1
Plastic,Matte,23.407567020992175,1.4597551588241175,13110,2380.0794571504557,75,1,16.299238441996206,1
Metal,Hairline,43.71678166063245,1.0272443603594192,31444,12949.466462743178,200,0,23.9968750032168,1
Metal,Matte,35.68798713737377,1.3409563147393881,24700,4792.623537596431,200,0,34.88663830679485,1
Metal,Rough,31.23585671733344,2.2380969255622203,21712,10514.817385372271,100,1,9.424025401968855,1
Plastic,Matte,33.84501296858398,1.8863623832046728,34376,12209.7167796392,200,1,15.19787921499104,1
Metal,Rough,49.245640342469216,2.2014243026384612,28880,7099.772222212784,100,0,21.833806657455035,1
Glass,Hairline,42.1568613490234,1.0368953067602147,26034,10807.087293869708,100,2,15.16140607024071,1
Glass,Hairline,34.55768014808892,0.6188777761412965,18956,6143.876175600565,150,1,23.588605883176974,1
Wood,Hairline,29.230517988311068,0.3236157846286841,21087,5827.621028292574,100,2,8.635200628608427,1
Metal,Hairline,27.807613249274986,0.43118882205032283,12542,3130.306102310281,100,1,29.138512705786,1
Glass,Rough,27.896791397473617,2.88000744230381,32434,14981.241952572516,200,2,20.75232122532717,1
Plastic,Rough,29.71952425604299,4.294079734526059,18906,6582.320114394249,200,0,28.3148977674545,1
Metal,Mirror,37.84179246134179,0.0,34666,12736.288146379215,75,2,9.434349013415147,1
Glass,Mirror,40.22135712578084,0.5420552322177896,33360,15687.859220868058,200,0,19.467121604089073,1
Metal,Matte,41.76568280250492,1.9487970374314014,6460,3030.3581903565882,50,0,40.685463146647855,0
Wood,Hairline,18.375182910026027,0.5379379973854432,20953,10333.757862602244,75,2,3.1882224699633803,1
Wood,Rough,18.395474357873688,2.539990738953666,14005,3937.1298220053372,150,2,17.384177993047317,1
Metal,Hairline,39.763833237272756,0.22026259680064758,16837,2120.4592791204527,100,0,29.93956220873841,0
Glass,Rough,28.251793917453043,2.505954770559505,28442,13859.329997941293,50,0,10.651771496339832,1
Metal,Rough,38.94572924695838,2.5928891881552927,22963,6200.150663945188,75,0,12.068241803444334,1
Metal,Mirror,41.478794640339316,0.0858967164776615,11711,3174.231536591544,150,1,68.28003674742978,0
Plastic,Hairline,30.354481568090296,0.00397600299239792,16387,6202.7943855582325,200,2,40.828097774971795,1
Metal,Rough,37.254423980752065,3.1762824763954205,11669,5546.840238727172,100,1,32.30832351206172,1
Wood,Mirror,29.31898409461713,0.9965017659722752,25019,7688.807997219318,150,0,18.526231783928345,1
Glass,Hairline,31.701992228394992,0.26986893210654406,25092,5008.885194709014,150,0,27.681999955046564,0
Plastic,Mirror,34.5399239471074,0.29402265977701514,31682,15687.354719871759,50,0,9.709812821585295,1
Plastic,Matte,16.16580093894289,1.522934172539333,18936,9085.515888187361,50,1,2.5068841556058414,1
Wood,Hairline,21.67935549948317,0.24239790065996042,33993,8469.455017612368,100,1,13.18473838622022,1
Glass,Hairline,33.22004205276306,0.0,9312,3809.069995442883,50,0,22.436850870115652,0
Plastic,Mirror,29.882357176575074,0.46289552687667324,21662,5468.515699482245,100,1,10.045588724071237,1
Plastic,Rough,28.63795434676885,2.772557314206495,23782,5517.771872264279,150,2,21.27196380279624,1
Plastic,Mirror,33.09478367990859,0.2821113985711633,21639,3400.5509688806123,75,0,20.016103415695717,1
Metal,Mirror,38.00128246778014,0.40854779509146577,18877,5448.743543685822,100,0,23.145240478883718,1
Metal,Hairline,52.927231742735515,0.5705068894233378,32034,8221.113821125875,200,0,31.13290256963604,1
Metal,Hairline,42.95083386576425,0.4060096933252925,29242,12500.363289238314,200,0,17.545246867585956,1
Glass,Mirror,34.893731659143164,0.07671447832130993,9513,3850.154085963361,50,0,17.697168170742,1
Metal,Rough,38.01208783065327,2.3520499742870626,22025,9710.000478705615,50,1,1.258736981062195,1
Metal,Rough,41.41302212793901,3.242766844493518,27690,4040.053900281867,150,0,16.36379849989473,1
Metal,Mirror,30.451977775169706,0.0,20768,8626.454740583787,100,2,12.755281038596454,1
Glass,Rough,33.04955632144703,3.2225518806383557,17791,3253.74075370003,75,1,14.444104284264629,1
Plastic,Matte,30.33150477662703,1.126921005961479,25088,9546.92423691406,150,0,32.12140039655821,1
Plastic,Hairline,35.81349939125023,0.8257414133059346,21225,8906.031946570183,150,2,29.93254825745132,1
Glass,Mirror,38.42330441251524,0.26427136638836674,12771,3169.1935076356626,100,1,24.184193847203105,1
Wood,Rough,18.74614768007107,3.051898814803832,27969,11573.297658625235,50,0,12.030044994728497,1
Wood,Matte,28.085185138748805,2.0961776487037143,13819,1833.42165407675,100,0,22.72533839814147,1
Wood,Rough,22.15042823795079,3.70172258268398,25888,3683.015047415399,100,1,5.956931488650026,1
Plastic,Hairline,35.51065614286162,1.0379315949577497,30649,9392.853991820088,75,1,9.534906873625786,1
Wood,Mirror,17.325032699562065,1.0018397731851634,34150,10941.098956371643,200,2,12.097102785884926,1
Plastic,Rough,35.73709163221408,2.4211892591279467,10317,2566.0923803915857,100,2,39.88158825569322,0
Plastic,Mirror,25.270978587259044,0.0,9085,1833.0926214483063,150,2,66.9729670494528,0
Metal,Mirror,41.51785391880612,0.0,30026,9073.923928183562,150,0,21.394220103191188,1
Glass,Hairline,31.95736223613336,0.4862783008142933,32720,4677.363681818681,75,0,5.160893231774919,1
Metal,Matte,38.55669835750068,1.5000847285428653,5555,884.2936622211214,100,0,60.35405560589014,1
Metal,Mirror,37.9859331131128,0.5464015389371861,20803,9237.521234131682,75,1,17.0367333310438,1
Wood,Mirror,35.206964738377685,0.0,10328,2042.766280492818,100,2,49.15809356669279,0
Metal,Hairline,39.38941475316958,0.6823833903752063,29567,10078.789202091231,50,1,7.235443271027808,1
Plastic,Hairline,28.659292745184537,0.0989748951316477,19996,5867.89589771716,100,2,18.97817509167527,1
Plastic,Rough,38.61568538519731,3.3959848008661915,20597,4543.013138881113,50,0,10.983474811314979,1
Glass,Rough,40.24055861058135,3.436230266611766,12904,2462.56536875852,200,0,82.79099658019001,0
Wood,Matte,35.07235004775917,0.7157161291885853,32770,15596.21500114492,100,2,8.418602369922617,1
Plastic,Matte,29.61673458516791,1.9704100048015571,14367,6791.964299890389,200,2,65.83568842334465,0
Wood,Mirror,16.537222698877578,0.0,14909,1968.510883279398,150,2,6.842005962242645,1
Wood,Mirror,30.38229753882716,1.3902820295782763,31002,6471.680215860586,50,0,4.311173279232095,1
Wood,Rough,27.307855308385044,3.049390583432318,29001,3138.646958676664,200,0,16.567165239442026,1
Plastic,Mirror,26.17395551866312,0.15759103170351652,9348,3491.916271401667,75,1,25.71493970651223,0
Glass,Rough,41.54549644898219,2.714957116320221,19657,9064.217084421583,150,1,32.76257837758842,1
Glass,Mirror,37.43892912237815,0.7556704645624054,26426,12965.802626768787,200,1,27.483819357676502,1
Wood,Mirror,17.19590838508043,0.545802248706269,10406,4485.291557419253,50,2,7.182988793078544,1
Metal,Hairline,46.123680980740694,0.0,31980,15430.665315472146,50,1,7.3606279922418345,1
Glass,Mirror,43.48060146946009,0.0,17044,4238.132165864945,50,0,15.922365491814059,1
Glass,Hairline,36.85864483403465,0.5077514435111166,29581,8583.334751971148,150,2,24.864007431430796,1
Glass,Hairline,41.783762472839335,1.2256909093261248,24403,10128.331472445438,75,0,17.27759978797379,1
Glass,Mirror,25.367352202408,0.23406161185217755,23678,3894.065828797626,100,1,5.380058782113731,1
Wood,Matte,20.832435099813296,0.9010087910223761,29183,8558.68610148414,200,0,14.554947107938766,1
Plastic,Rough,26.542209762234524,2.2827512952985543,7319,1377.0311230975542,50,2,16.444693193962532,1
Glass,Mirror,31.631430916388926,0.42830037764833206,17731,7543.848948731052,200,0,31.702957608128834,1
Wood,Matte,19.61856490231025,1.31905278627275,13847,3698.546978974596,50,0,9.479073868192028,1
Metal,Hairline,36.375980803328964,1.2356284862797857,28347,12146.357300038224,75,2,8.363864827517302,1
Metal,Rough,43.13354754584322,2.193790324602912,9598,3283.8268819260984,200,0,128.8713507593306,0
Metal,Hairline,40.51480200796577,0.21016505776746136,17357,8211.718510902037,150,1,35.58541176491079,1
Plastic,Rough,36.31341030047416,3.2555000704326904,14614,1956.8395849777694,75,1,22.95608556915821,0
Plastic,Matte,25.601605082368195,0.7018520197590072,27498,4059.300145429409,150,2,16.90591210063485,1
Wood,Rough,25.46908939354035,3.5055088129934058,29196,12418.845741226607,75,1,15.36665754913501,1
Glass,Hairline,34.182112025398816,0.862332529694465,14933,3376.599310539132,75,2,13.792713476937172,1
Wood,Mirror,19.326668970252843,0.11002858873249782,30896,11969.623677354177,200,1,4.311812512260161,1
Wood,Rough,28.324405612077467,3.206084486419925,7046,1394.9753296152992,100,0,57.37411399847137,0
Metal,Rough,53.29721030163016,1.668721753724634,27254,7207.1041068333325,150,2,31.48528037337023,1
Plastic,Hairline,34.30825603248638,0.0,15891,7783.288890476933,100,1,19.069505020516864,1
Glass,Rough,26.954084722660372,3.0364455324487176,17073,4152.753717757212,75,0,15.102471560250892,1
Glass,Rough,40.07566981159804,2.9981414449671733,7709,1759.5918107092841,100,0,73.91527179955003,0
Plastic,Matte,30.416467257948334,1.8731597792351267,15615,2560.2413770563257,50,0,15.55149675820075,1
Plastic,Mirror,32.31070562062223,0.0,18603,7785.5453859979925,100,2,22.64331024007461,0
Metal,Hairline,48.07330857841262,0.33507501232278236,34204,14671.011303736477,200,2,24.763638331398603,1
Glass,Mirror,30.010081158061688,0.9063893578029565,9209,2364.9652358238077,100,1,43.50329328555422,0
Glass,Mirror,37.29871344740951,0.053598379990245575,28040,2860.315852965141,150,0,16.875267096764002,1
Glass,Mirror,29.879152555983147,0.0,7303,3087.340177732257,50,1,34.67672728213178,0
Glass,Mirror,40.969046878170616,0.0,10397,2127.517780861455,75,2,46.56779399084163,0
Metal,Matte,36.20997770471108,1.2317642119146843,25283,8837.609952840385,50,2,13.291513829236761,1
Metal,Rough,48.49824458600563,3.735000174763062,26572,5987.3323512929555,150,2,28.794013066095246,1
Metal,Matte,41.636654426799275,0.9709955739725955,31674,11491.564035019614,75,1,8.995590130892912,1
Plastic,Mirror,19.13253392599986,0.4718089777010904,14854,5165.184815831555,200,2,18.820363803323428,1
Plastic,Rough,27.807415652750258,4.059587369375096,5498,2260.8907420332716,50,2,42.08164063391766,0
Glass,Rough,35.88278208999098,2.9074377115120376,29418,6899.870642089191,50,1,15.51209786569374,1
Metal,Mirror,35.946043105819186,0.0,18263,4509.417431271656,200,1,38.606140083709064,1
Metal,Matte,33.14378094997795,0.9146511661838851,10995,4772.09014084325,50,1,17.433029354091943,0
Metal,Rough,34.78610432954382,3.3314063294897505,7651,3577.250586005738,75,0,36.9892902110515,0
Metal,Matte,38.81912375679884,1.2634151928615778,17734,7111.854581319353,50,2,11.180048334245619,0
Plastic,Mirror,21.98475278468075,0.0,26203,10244.309022603888,50,1,2.1581950116671784,1
Metal,Mirror,40.91069432210062,0.09066384146157891,29794,9501.267504135558,200,0,29.202108839004115,1
Plastic,Rough,25.427669117473734,2.7663597417798225,29988,11200.937538749491,200,1,15.897542254116878,1
Wood,Mirror,23.843747473509044,0.0,20439,7089.643479554567,100,2,6.958522506224904,1
Plastic,Hairline,27.0658765248123,0.0,10098,4970.884398536019,200,0,57.38079509071844,1
Wood,Mirror,33.478456665887705,0.0,12333,3259.1081785248316,200,1,49.424824674359094,1
Glass,Mirror,40.35838265638314,0.28863067146257865,23440,8038.836215324376,100,1,13.133751108438869,1
Glass,Matte,26.96461692309062,1.1964259920762506,18839,9178.459740143273,75,1,15.807577773679386,1
Wood,Rough,22.334301727407556,4.363741283845906,25531,8084.787421444693,75,2,3.9532831285451118,1
Metal,Mirror,43.31324913392459,0.0,32207,11075.561878259994,150,0,20.676113349200463,1
Metal,Matte,31.887771843306723,0.3976978547831602,9012,2137.31286536408,150,2,76.77448123669392,0
Metal,Hairline,46.2285085032097,0.0,9031,2928.7270819346973,50,2,38.32333675494983,0
Wood,Matte,30.971584469045748,0.9630881850470943,6244,1411.7673425073397,150,1,109.51497803971293,0
Glass,Rough,31.41725523103177,2.699695377966316,20117,2033.9840077015037,75,2,14.306685084160296,1
Plastic,Matte,17.092753552805927,1.9901177479093062,33312,4780.198958156816,100,1,3.564956031814689,1
Glass,Matte,36.52648709774119,2.0429584318550953,7882,2160.613446674266,100,2,73.21694207161912,0
Plastic,Mirror,38.22800039266584,0.0,28040,9540.690832559661,150,0,21.690236964855313,1
Plastic,Matte,31.985691960355346,0.7390791323104958,13921,3102.89542369948,50,0,15.066371605259423,1
Wood,Hairline,28.212598420510183,0.252654472885257,10015,1587.5099895641222,75,0,24.200417916187668,1
Metal,Matte,36.121664825021014,1.0404866724988533,23955,8000.793165405946,50,0,11.568127293113555,1
Wood,Matte,30.484908747084212,1.9865753294637019,32615,15260.971752765608,75,1,3.601235083076144,0
Metal,Rough,39.32461278173195,3.3624436474124813,19921,4146.428016685507,75,1,16.27688962061091,1
Plastic,Mirror,36.500908796086975,0.5048828843005807,10011,4692.710421349379,100,2,48.03202693889184,0
Metal,Mirror,29.43490316294541,0.926309790113619,13082,2195.2381478076436,200,2,67.77400084579533,0
Plastic,Matte,39.6868425848863,1.4137576376052148,33056,6007.6480680845225,100,2,10.206449437977211,1
Plastic,Matte,24.847445332086195,1.0850110244701154,28292,13263.155526154496,200,2,15.153308110068743,1
Metal,Rough,36.08974752452635,2.781640265295112,34692,13005.314834157241,150,0,19.511043215505126,1
Wood,Rough,23.548085147680844,3.4538829963657767,10145,2876.1942312177894,150,2,35.50205844363157,1
Glass,Hairline,39.31220796863794,0.0,30081,9880.693861948523,75,0,3.740711053630174,1
Glass,Mirror,30.785656634995956,0.6429239520441898,25898,2890.407292056857,150,1,18.832791050937836,1
Glass,Matte,37.508124725442585,1.9784987528052627,8536,1597.4154922775763,75,2,31.735850535792498,1
Glass,Hairline,38.93324255363918,0.6640759163751552,20193,6368.552920299065,50,0,4.705516690274425,1
Plastic,Mirror,29.491862506487042,0.11977594461226827,7876,1297.382473312125,100,0,46.736234022744895,0
Wood,Rough,21.49666093573882,2.577117991345573,8409,1922.003350777217,50,1,8.032107321354427,1
Glass,Rough,26.63960628834895,3.110802382649735,26932,6759.579986431889,50,1,10.696139576444367,1
Metal,Rough,33.838903572010686,3.2326760657710807,6762,1451.5478095060157,100,2,78.50586069443185,0
Plastic,Hairline,25.168857603763204,0.35500154041939813,14969,5226.7297893194,150,2,18.342597204922104,1
Plastic,Matte,31.514574038996475,1.8718333214030047,10759,1125.7764259742623,75,1,23.757291350768373,1
Wood,Matte,34.87659789148211,2.03588359633053,6941,901.1537540187015,200,0,136.95872758370146,0
Metal,Rough,40.71909451131513,3.315801116791351,11203,4228.61677044815,150,2,82.96711486719231,0
Plastic,Hairline,25.99962181111048,0.5275122980025508,25295,10576.090355187594,200,0,25.808061941263933,1
Plastic,Matte,27.24931132825991,1.8299120483714675,26683,12120.992024345274,200,1,21.139679744339915,1
Metal,Hairline,35.76783627520413,0.7200718035425631,13195,1848.177892409668,200,0,46.68285658739496,1
Wood,Matte,29.296060922466946,0.8980325164462086,12120,4894.4178416774785,150,1,35.35924519384675,1
Plastic,Hairline,25.937168662812578,0.21867374628803687,28060,8321.457129994571,200,2,20.029071214698277,1
Plastic,Hairline,43.49397967235839,0.0,9134,4422.318128039014,150,2,103.2216535953727,0
Metal,Mirror,37.409348209194164,0.38118563337699696,17550,5375.058234981462,75,1,19.276099974590807,1
Metal,Hairline,42.213606547438005,0.0486966034290065,27463,3331.394121069538,100,0,12.879137897040868,1
Glass,Mirror,33.896557615827156,0.621450548788798,20066,5916.445593569131,150,2,17.02483121564083,1
Wood,Rough,30.666078963165937,3.2463661668311685,16516,3366.3482353887302,200,0,35.77891212741661,1
Wood,Matte,25.549257606920225,1.4348362698351826,7561,1850.664506382024,75,1,27.39870713670926,1
Wood,Rough,20.883238477014693,3.967657830647472,33003,7424.5103031934495,75,1,7.038614640589207,1
Glass,Matte,32.738849746209354,1.5275797643066962,29572,13563.614234485152,75,1,6.122249548975161,1
Metal,Matte,37.00639690279755,0.7529037019431221,5686,1086.5605526328375,100,1,94.17972576084497,0
Metal,Matte,40.856236185987164,1.4793742224156439,17061,6609.830211362214,75,1,17.96035959471947,0
Wood,Matte,18.545847013946368,2.313224113742918,18565,8787.995464424437,100,1,6.684031312865132,1
Wood,Rough,27.637329415907864,3.0558704607469074,30630,5623.306046138305,150,0,14.783609908055528,0
Glass,Hairline,41.46134185492938,0.687009877859903,27850,8494.365824550048,150,0,21.651129654599785,1
Plastic,Matte,39.13411948874534,1.091271821643256,32740,6827.166919252516,100,1,11.185601406442037,1
Glass,Rough,31.57267796498685,2.50036640495958,24784,5174.693037839717,150,2,25.011300337581048,1
Glass,Rough,23.783714308279684,2.9464313559365856,18247,2865.066041897816,200,0,27.41223498323116,1
Wood,Rough,30.1985461235049,3.583205428724679,28216,11097.940594178282,50,2,4.339375259336478,1
Wood,Rough,27.509134548032208,2.1534928460506433,19420,2380.2340202061146,200,2,28.45934863154592,1
Glass,Mirror,39.149161852909025,0.4423833135999845,5043,2281.8985134823847,50,0,65.52823865066466,0
Wood,Matte,14.315548202805635,1.8550777170891246,16325,6504.044752694636,200,1,16.349603463203884,1
Plastic,Matte,34.91211668562871,1.5901218867225821,29769,8685.563282607036,50,0,8.94851687623771,1
Wood,Mirror,22.031835532345895,0.4895822601930434,26004,5463.299908294389,150,2,8.279207488624639,1
Plastic,Mirror,20.976723085583927,0.0,26945,9667.324250974927,100,1,9.67669501295918,1
Plastic,Matte,29.079459775300528,1.9670041800296567,19507,6526.691459905783,200,0,39.01764770612586,0
Plastic,Mirror,34.27438781154348,0.0,26818,5412.013285291843,150,1,27.088691398304043,1
Wood,Matte,32.18223713406105,1.8910679824842784,12736,2566.705099127544,50,2,5.0599109676432565,1
Glass,Rough,35.60492357379516,3.1805787754058796,24639,8418.182424821813,75,0,10.805038849252076,1
Metal,Matte,40.15633240867092,1.9821517896308338,24025,6462.324421902211,100,0,17.34427905009558,1
Wood,Hairline,30.13633639535552,0.1357737468895696,21683,3440.455926659183,50,1,8.543537309571876,1
Metal,Mirror,31.833799325493327,0.0,6109,2845.9913767732523,100,2,80.80400953209914,0
Plastic,Matte,20.628263801890387,2.271074105544331,31904,8098.064947183131,75,1,8.903697980775855,1
Wood,Matte,19.827788539833385,1.4253867261901714,32875,7724.134958452353,50,1,0.1,1
Glass,Matte,37.09712294748538,2.0301191589876835,25787,11919.85043191764,75,1,5.012864510378466,1
Wood,Hairline,32.19796003679621,0.8947643242595522,32923,11068.421830752062,200,2,18.211772675918894,1
Metal,Mirror,36.61044970469028,0.6889870794602232,27775,6669.998767973269,150,2,19.286309169591355,1
Plastic,Mirror,35.4186759059425,0.09330187742407525,32797,4254.248484219227,75,1,12.833135074182314,1
Glass,Matte,30.618891881929542,1.922481447335743,34384,15445.146592972631,50,0,5.710772065341725,1
Wood,Mirror,25.16569881557882,0.6788278661827128,25107,3396.122764095021,200,1,24.349104624421614,0
Glass,Rough,25.917127553980322,2.6772043288000895,28337,8024.11242823042,50,1,7.942129333848912,1
Plastic,Rough,27.883458884103437,2.501058575591418,31019,15057.588256675974,100,1,7.543262922199348,1
Glass,Hairline,37.06775923290004,0.18217647355288602,32209,4068.4788543461664,50,2,0.4144049218789032,1
Metal,Rough,36.85664623745487,2.6393099324292755,22353,10167.75635152433,50,2,4.750013685515613,1
Glass,Rough,32.01635649529132,2.276021371034134,19387,3550.8799111323783,200,0,31.30662952399174,1
Metal,Mirror,30.325182571902538,0.0,6937,781.871746849597,150,2,98.473681642373,0
Wood,Rough,22.42841348721257,2.7369311505866483,11099,1829.855621259458,200,0,32.06469484240654,1
Plastic,Mirror,33.56273629716074,0.8779342195510432,10239,1355.1283921540232,100,1,40.24486959392152,0
Wood,Rough,29.52499897333186,3.207366260582898,19491,4028.358520326454,150,0,28.830531651526957,1
Wood,Rough,25.091941111317364,3.1199282670018493,23433,9995.590666115382,200,2,23.196085644874916,1
Wood,Mirror,31.068686513382058,0.0,24578,4619.092057177741,50,0,9.224859320435888,1
Plastic,Hairline,21.83317807972555,0.9093873001574362,32816,15231.445997351011,150,1,7.062025763127141,1
Plastic,Hairline,29.640184314922724,0.7420380970892319,34614,5413.438084863449,100,1,8.860345221086893,1
Metal,Matte,41.782271065539305,1.1444105527689516,24465,4951.645415456156,100,2,14.340028841443676,1
Metal,Hairline,44.87305641774846,0.31177266944293947,15059,3118.993508320751,200,0,60.823314084436255,1
Glass,Mirror,29.576683293946193,0.0,21834,6978.014766239243,200,2,27.10561236768801,1
Plastic,Matte,30.52255939188857,0.04951570954846418,21302,8293.798963391473,150,0,30.085594800057827,1
Plastic,Hairline,20.12409307173686,0.5325870451267936,31455,12460.406384590375,200,0,6.392275177456214,1
Glass,Hairline,34.55757594530972,0.35332540677115265,7107,3384.6177678201293,50,1,25.646199412489835,0
Plastic,Hairline,36.88059128460407,1.0793875224610288,19098,4572.786123936689,200,0,33.30341234442978,1
Plastic,Matte,25.75947578793026,0.8674932956758008,32396,9482.971434907056,50,0,6.416197492932955,1
Wood,Hairline,35.804531465067825,0.0,17496,7441.266593875986,100,2,19.602897144667967,1
Wood,Rough,21.549439965267343,2.4426784434201316,7622,3254.3007548234364,50,2,12.838600431720925,1
Wood,Hairline,23.097954571563996,0.6356892899831261,20889,8844.721886356505,150,2,19.158960413371673,1
Metal,Mirror,42.586511847838,0.0,27350,10427.745707544726,200,1,28.170561492604772,1
Glass,Hairline,41.21855438614715,0.10541140897765988,22664,6132.542139534102,50,2,5.4591299907013395,1
Glass,Matte,34.47521267514054,1.862714688979384,22665,3817.356719658221,75,0,11.007064779327735,1
Metal,Matte,43.27400368117206,1.1263519989862332,25812,6853.000045937373,100,1,7.850203462156106,1
Wood,Hairline,25.807986383426197,0.8883822375292805,25710,11506.039903031638,150,2,17.262477885869384,1
Wood,Rough,27.344956856435235,3.714118359114001,18781,5458.954481543368,50,0,15.665281772049529,1
Glass,Mirror,34.763491272552656,0.06393848318731135,9824,1509.4249914323934,150,1,64.48793057867435,0
Plastic,Matte,28.67968832222844,0.8106256257450954,29548,14454.78652327348,50,1,2.2589922790326895,1
Wood,Mirror,28.67297999077234,0.8664785001769012,12636,3334.8273677926,75,1,6.767778737071254,1
Wood,Matte,27.67336804396097,1.733555856314649,25849,11032.647550701548,150,2,12.619268452703922,1
Wood,Matte,21.559469294552493,1.3637766289219644,19201,6529.409841482592,200,2,23.597870217402495,1
Glass,Matte,42.56190930748487,1.4823720228074997,13407,6214.595360544674,75,0,23.069756131165175,0
Plastic,Matte,37.28516230183176,0.9847936498516484,22106,4991.606422942859,150,1,29.353245870204653,1
Plastic,Mirror,31.271135259348025,0.607121891182637,8393,1614.8249039969446,150,1,56.831817991162644,1
Glass,Matte,34.152681537763456,1.528841609924169,15874,7163.353484128654,150,1,25.48919098823361,1
Metal,Rough,37.02919528455539,3.8937254523456257,15017,2463.2039440013455,150,0,43.891681017657646,1
Plastic,Rough,17.256058230182756,3.197246731677721,14923,7400.280662032344,200,1,20.076409224801402,1
Plastic,Matte,24.983029668822738,1.701754154549147,15250,1605.6412215130435,150,2,22.135950744428854,1
Glass,Rough,38.43877590914545,3.133320791949816,26077,11900.941313764504,200,1,31.050718801187344,1
Glass,Rough,38.17253692335919,2.5829685985754525,20568,6247.237439966631,200,1,36.825085977114774,1
Glass,Rough,34.38140807793813,3.3007440099983936,14806,5386.592649017584,50,2,12.347864486648515,0
Plastic,Rough,22.412993115635842,3.3376758393877926,29580,8603.791326105593,150,0,11.009506819795764,1
Metal,Mirror,40.01098249639569,0.0,5340,1425.6707210758425,100,1,107.57877509539388,0
Metal,Mirror,42.98051298981437,0.35913730548066947,20328,8367.062300864256,200,2,61.63584808145564,0
Plastic,Hairline,39.551956178607085,0.7869267777145734,22243,7519.6773903340145,150,0,24.34274126991867,1
Glass,Rough,27.560735846191072,3.1665300258745046,16874,8043.677962584511,100,0,9.689703619943925,1
Plastic,Matte,21.38142271918131,1.2520837384029961,6773,2780.9946207807848,50,2,22.52305907246473,0
Wood,Mirror,20.653948916742806,0.0,19505,9569.097906871682,100,0,2.200129707131622,1
Wood,Rough,20.549949640023456,3.270218609494871,16543,6233.178366551459,200,0,25.222229920068774,1
Glass,Mirror,36.95050638503426,0.6672932013875991,17614,5635.829808046304,150,1,35.485083561139646,1
Plastic,Mirror,23.7943300390846,0.42290096374599473,5615,1880.9233963060844,150,2,83.49386917103133,0
Metal,Mirror,34.72360676043947,0.18009212510040984,33299,12608.30097580877,200,1,19.88012009191709,1
Wood,Rough,28.54737776911747,3.0481783558746396,16262,5026.9577152486745,200,0,33.62485028949731,1
Plastic,Matte,34.85925119183937,1.4514981714134958,8695,1546.7118946191597,200,1,116.84664080487757,0
Glass,Matte,36.26240067573513,1.6205816702752829,20471,2926.3336987199204,50,0,13.891643321677881,1
Plastic,Hairline,23.690689254808753,0.35368728010678896,21144,8281.370740405087,100,0,7.312626723986429,1
Glass,Rough,28.0716580598003,3.533664429169778,28580,5271.523344709748,75,2,3.539048634457721,1
Glass,Matte,37.1148250417194,1.9245774411206817,14519,2736.0231830648204,100,0,34.29869599258823,0
Plastic,Hairline,36.57474583671776,0.5440183163223395,26402,7690.541094505041,150,1,16.79614933230702,1
Plastic,Rough,29.402282332454075,2.529863883279198,32740,3465.527938962385,200,1,13.543772712388542,1
Metal,Matte,37.665738853644704,1.6784339076771475,11263,5116.063828370717,100,2,31.733053441243587,1
Wood,Matte,22.53146706456365,0.9429890776218796,15104,7398.969683605726,100,0,17.31754487969794,1
Plastic,Hairline,31.91164460163255,1.1649210903003144,16612,2849.5055707383635,100,1,13.826452285501363,1
Metal,Mirror,36.434191732183585,0.008472024180936441,34672,12425.856263180829,200,0,24.507817527695142,1
Glass,Hairline,41.05558284914827,0.020770856958741757,15792,6975.384379191328,50,2,0.4851833493041706,1
Plastic,Hairline,28.58688300232339,1.014958958595766,32349,11519.51710675539,100,2,9.804448349210148,1
Plastic,Mirror,28.904363135484065,0.0,34229,11346.224110955205,75,1,13.566635917811581,1
Wood,Mirror,24.239333037589304,0.0,15634,7421.068053647766,200,1,30.32029409736627,1
Plastic,Hairline,25.79196163259156,0.9757037821344714,7224,2976.496833653042,100,2,44.99399548581454,0
Glass,Rough,33.697770721293054,3.264636099878649,12380,3029.5763795765474,150,1,48.309466994532826,1
Wood,Hairline,27.08891062369321,0.0,30863,6228.628098060497,50,2,5.36135321592291,1
Wood,Mirror,27.579570759417567,0.5874335120402664,28692,7718.830848421992,75,0,10.76046837680176,1
Wood,Mirror,18.851182798552905,0.19451057736192512,30156,4549.138199878744,150,2,13.843155774334036,1
Metal,Matte,42.76124699735347,1.5169855883969119,30251,7576.7774335035665,100,0,11.039014113582173,1
Metal,Hairline,35.479919703232156,0.0,7307,1074.225472519866,75,1,60.97141142832244,0
Plastic,Hairline,27.63713412115969,0.28480576437166005,26223,10276.787306720498,200,2,21.216216943249744,1
Metal,Hairline,35.51857398806362,0.0,6745,1068.5841924488539,50,0,43.223660801095875,0
Glass,Hairline,29.959191595976424,0.5580120891050275,7344,930.4193218586247,50,0,14.561140867204118,1
Metal,Mirror,41.38626362533513,0.46870936414972453,5539,1142.2085983429247,75,0,81.39636253781507,0
Plastic,Rough,27.69430984218369,2.3211885482635446,8318,2565.65465264653,150,1,71.52439972184742,0
Metal,Mirror,38.67199525324928,0.009271381457464478,28683,13906.107704944108,200,2,21.901314266283457,1
Plastic,Matte,34.11334906669491,1.115356520829501,5407,1104.033327127169,150,0,127.62029124633187,0
Metal,Hairline,28.12434265887125,0.5503583548720442,23654,8765.598146635191,100,2,16.133895598253396,1
Glass,Matte,34.9891478344535,1.8979200736167292,9187,1307.7481177529346,100,0,60.0244695212424,0
Plastic,Matte,26.872037561680788,1.8563593498003335,9375,2047.1248182843915,50,0,8.305770559731464,1
Wood,Hairline,19.442545739893614,0.748028235527757,7894,1033.4472370870121,200,1,48.39188222714284,1
Metal,Hairline,33.682257088954216,0.8155035317795503,28503,8350.666681203305,100,1,7.9502095180122065,1
Glass,Hairline,34.5789668226198,0.0,29779,5211.502886070067,200,2,28.767591853400994,1
Glass,Rough,32.80164172064117,2.088041644511802,7334,993.2886955899885,200,2,125.51014559298886,0
Metal,Matte,41.25703580526423,1.0779208371456428,33642,7266.813805978053,150,0,12.289987681633349,1
Wood,Hairline,14.565536556201682,0.5919878970748247,34680,4207.504429176014,100,1,6.101253778869216,1
Glass,Hairline,34.94019539995556,0.3178266173034665,33855,6505.372604456889,200,2,35.99128568066621,0
Glass,Hairline,33.79465336518245,0.4525577176754202,9387,1910.4078662408408,50,0,15.943036952245246,1
Metal,Rough,37.540954930284194,2.7465720275153687,14880,3560.38608483074,150,1,41.761782829320396,1
Glass,Matte,28.918244660846348,0.7148702643903395,34117,13912.255563192637,200,1,14.322555277790197,1
Metal,Rough,31.791810831398244,3.0908666986470026,9544,3178.9969044715135,100,0,54.321735087843166,0
Wood,Mirror,36.19673773690853,0.0619459419878103,33509,5062.580122971025,200,0,10.337332161343856,1
Glass,Matte,32.326515577047665,1.475588468649146,24355,10235.916526739717,75,1,5.759983162137161,1
Wood,Rough,25.15660817022027,2.095077356884998,19586,9393.16016691927,50,1,1.2714955250133446,0
Plastic,Rough,33.28694021890375,2.5716720072192225,34529,8159.171123373925,100,2,11.696681479848975,1
Wood,Mirror,21.73182488293401,0.16158963700884937,7304,3138.2747323437475,200,2,52.875066263299665,1
Glass,Hairline,28.057866080904308,0.43864981352311555,19139,2642.808376093991,100,0,8.39775157672791,1
Metal,Rough,50.82181092214465,3.522927915293481,8561,1941.3368503714948,150,2,128.76456329516873,0
Metal,Matte,43.84860904046283,1.798498332457513,30638,8961.649942390115,50,2,10.184328410883277,1
Glass,Rough,36.319621510662564,2.8611858362946054,31847,6418.531845366713,100,2,17.104481085155278,1
Wood,Hairline,27.850544362307232,0.07491469238585197,24302,3597.9778603340606,75,1,16.37034918781588,1
Plastic,Rough,31.048253078492227,3.088168913614507,9200,3852.8878397685808,200,1,98.91081830659076,0
Metal,Mirror,41.85453309914892,0.24207330563002696,34394,12830.11183204089,50,1,13.337630506795293,1
Wood,Mirror,20.45209021243353,0.1906854906518898,30181,8056.15135168556,200,2,16.413742774497074,1
Plastic,Hairline,29.704190537451424,0.47822495826936745,12992,3941.9678006702525,75,1,10.358011826296792,1
Metal,Matte,35.05510134187275,0.9840531272737366,25842,10227.130180575934,75,1,7.5540015678128665,1
Metal,Mirror,41.23156184227132,0.11488251833025138,24621,2646.989524762764,200,2,38.62510267777596,1
Wood,Hairline,22.516318688221027,0.4531000009070306,8828,1869.1576416348657,100,2,31.017635576292662,1
Wood,Hairline,31.499636163984558,0.5827679528252747,17767,3887.370181039817,200,2,34.34670664555147,1
Glass,Rough,37.62631695216601,4.163177785840796,24709,11137.785262221836,200,1,17.020305766527102,1
Metal,Matte,35.45507170230578,1.5672134476667312,24963,6753.36903331544,75,0,15.431554643396705,1
Plastic,Rough,36.27142156423305,2.965695649836048,21804,10500.340157351635,200,1,39.70264012308816,1
Glass,Mirror,27.66593450035152,0.05827169314488208,34129,12934.15004598512,150,0,17.265491883962277,1
Glass,Hairline,39.271806616336384,0.35984281009509417,20334,9119.926040315908,50,2,1.5559723711628513,1
Metal,Matte,48.88406870994211,1.8848495978569637,12622,3027.5420713143526,100,0,61.64215768686549,0
Metal,Mirror,39.03003715008732,0.8492315214759482,19675,5449.134504836187,150,2,28.545307344129327,1
Wood,Hairline,24.84292580032818,1.2451891180624144,28018,3960.412540811819,100,2,10.269738884720418,1
Glass,Hairline,37.060959272335914,0.01908722722620948,31251,15354.891156847441,200,2,26.56550161195169,1
Plastic,Matte,28.07078194765182,0.9871054488039077,12798,6147.6231003408875,100,2,30.419402558056976,1
Plastic,Mirror,28.626338875661926,0.04628824983579983,24737,10939.478012008234,50,2,4.902741480165535,1
Metal,Mirror,43.592293151450896,0.29064113134846664,6542,2737.475770321946,200,2,198.43191599050027,0
Plastic,Matte,31.775650516095773,0.6097727592064881,29548,5455.667884852331,200,2,18.48657566513792,1
Wood,Mirror,27.73115873285804,0.6042011125876213,7506,1072.5342587162895,150,0,79.67028453565419,0
Wood,Hairline,19.710173237887982,0.3335952816716901,21182,3799.134646760794,100,2,10.0269892394291,1
Glass,Mirror,36.346735940766386,0.3578103643167966,28605,7747.176981491028,200,0,28.509000357679163,1
Plastic,Rough,29.635703011693327,2.9002961955335262,15604,3788.5655728687525,150,0,34.424654609419484,1
Glass,Hairline,30.379578898108782,0.881490884119403,6150,2335.906940990225,200,0,149.63995184760336,0
Plastic,Matte,27.50469960169346,1.4057462219459813,27416,10086.29688945683,50,0,2.8499131230977284,1
Plastic,Mirror,23.014890688349855,0.40070124984296707,33397,12044.257564685395,200,0,6.81652778849412,1
Glass,Rough,37.42403005033804,2.948343891105835,16192,6358.821729329565,200,1,41.08923178041619,1
Metal,Mirror,41.46074687648819,0.7635193607737161,17654,7000.28454305135,100,2,14.663457468473549,1
Plastic,Hairline,27.14298936080479,0.0,22974,8534.11236142193,150,1,16.594243184293482,1
Wood,Hairline,22.81840958624322,0.8875561567908055,34874,15574.697488665233,100,2,11.888092733747797,1
Glass,Mirror,33.67578144010897,0.019884997343117272,13555,5621.437287289879,150,1,46.046880532354784,1
Metal,Hairline,43.746703723075804,0.8752382396766765,24125,5595.958296565631,50,1,14.375077355651333,1
Glass,Matte,29.97115482435504,1.5076464276864598,23996,11364.215993082764,150,2,26.00029312625019,1
Metal,Matte,41.1948114215059,1.9070563837312309,29954,14721.10549310768,150,1,13.91664197104909,1
Wood,Hairline,28.548205837370578,0.46677966322814507,32158,9094.292334674965,100,0,8.013269132501197,1
Plastic,Hairline,33.87099734210169,1.6404930609872406,29395,11149.61958651178,150,0,9.808012738150161,1
Plastic,Mirror,25.23385366577876,0.6412148471510464,31272,12189.074257818824,100,2,14.520246009481195,1
Wood,Hairline,24.501073673916235,0.43783785047196644,13693,5742.960387455783,75,1,8.354095870485933,1
Plastic,Matte,32.7471993912122,1.806327935109015,26438,11478.759336214169,150,1,7.036611645254414,1
Glass,Hairline,32.15537550235423,0.3875541223021669,15975,5183.076311790658,50,0,18.060551377611034,0
Wood,Matte,23.690559939284977,0.6710143744760028,8131,2640.680515648819,75,2,20.867626013700477,1
Metal,Mirror,32.98773780213462,0.0,16629,6008.999976920055,100,2,11.900017489220478,1
Glass,Rough,34.36490838850521,2.3843680166415,10130,1788.2749188160187,100,2,51.46716798767844,0
Glass,Mirror,39.43632131653291,0.8070621152170265,19821,9158.092748128058,150,1,31.44971593470583,1
Plastic,Hairline,33.271818889767935,0.32888816623863654,31011,14056.58389270198,100,1,6.21318466286669,1
Metal,Matte,49.87744411744738,1.90472062938416,26178,4731.48890368899,100,0,20.015827073512767,1
Plastic,Hairline,23.600230021290976,0.35036035074034344,25073,9743.638396867356,200,0,15.827063217453187,1
Glass,Hairline,36.11484540912679,0.4965867574060031,12840,4559.459798145912,200,0,49.958268325755796,1
Metal,Mirror,39.92174151996768,0.43478914206430574,20814,9641.005745387336,50,2,13.209925248558056,1
Glass,Matte,32.436769303199824,1.1323268553483077,29228,6381.511143466197,200,2,18.79682609532018,1
Wood,Matte,26.72388586180856,1.7876969756744325,28571,3185.5541487358405,50,0,0.1,1
Glass,Hairline,28.71119742321707,0.9764225352990499,33797,11446.922124274062,150,0,13.78296301193831,1
Plastic,Matte,32.44365655765506,0.8572970929274814,17560,3974.388701579738,100,2,19.796634843301135,1
Glass,Mirror,39.25471927438863,0.19894961660492577,34671,13497.760672571909,200,0,14.627761475871282,1
Metal,Hairline,43.841542114971205,0.3757886508709464,18714,3311.568428961222,75,2,25.13702393299868,0
Wood,Matte,26.63212907152204,1.5829328343788849,32361,13442.44289099838,75,0,6.913934197999919,1
Wood,Mirror,25.774292286909976,0.8619232573841349,24096,5478.284923426095,200,1,16.45595308578463,1
Metal,Mirror,40.61535743237799,0.0,16898,5500.52141736046,50,2,15.430582436645498,1
Glass,Matte,44.66619080405237,1.005568673564104,11161,4604.5364785772545,100,1,56.289666937836806,0
Metal,Hairline,47.13231536330935,0.0,19683,2754.0493162756784,150,0,41.177551999156165,1
Glass,Hairline,32.33357876215461,0.2579249573187904,10556,3024.1409194078205,100,1,29.59524916586796,1
Wood,Mirror,28.49361018385449,0.496747739111952,33495,5295.162730538725,100,2,18.566513711730025,1
Metal,Matte,57.00341030085258,1.441131274365549,7429,2090.5714559451953,50,0,56.853187418409725,0
Metal,Hairline,44.20158625092929,1.2756218884701875,28869,3586.8604819903826,100,2,9.7720147851329,1
Metal,Matte,48.97075016365412,1.152734002637966,29174,4355.755352237188,200,0,35.80202782330059,1
Glass,Mirror,34.297420551720585,0.0,23772,7260.803584153724,150,2,19.061895357466607,1
Plastic,Mirror,23.773470277636484,0.1529152989426201,7460,2646.264144127428,100,0,39.61722518602706,0
Metal,Mirror,42.68926464609278,0.0,14673,5324.949001389847,75,0,18.86703099299862,1
Glass,Mirror,36.93973597869633,0.0,5869,1721.0951013639544,50,0,51.778540512210945,0
Plastic,Hairline,31.264158845674597,0.26548076019969413,32141,15866.174390036544,50,0,0.1,1
Glass,Matte,42.084543737836995,1.195074494062659,16725,8100.8810549715,100,2,24.812471895038318,1
Metal,Matte,38.767727463588436,1.3626043519432844,34016,10748.750404936905,200,1,27.67607966979797,1
Wood,Matte,23.337862200402164,2.0505385657396986,33762,14920.34847525409,150,0,6.551283539673142,1
Wood,Hairline,28.04873767002541,0.5937074842716258,13176,3546.242159935015,150,2,33.131974132284256,1
Wood,Rough,18.63023068424315,3.021662064523866,28934,3959.113839876065,200,2,10.233037537984604,1
Metal,Hairline,34.66339749305962,1.2084173805320204,28565,9821.942942348938,75,0,7.165920559376427,1
Glass,Rough,28.819605531396718,3.080111704716256,34178,13397.47244531653,50,2,2.5280560050610323,1
Plastic,Hairline,29.257148172118928,1.2351418370894016,34981,4830.053586679939,75,0,2.2537035926763203,1
Glass,Hairline,29.35204205781222,0.2233573907973641,28252,7050.14431461132,75,1,7.888886695222566,1
Glass,Hairline,36.07326159074083,0.4907286574300932,9839,3730.684591678698,200,2,105.92496072944988,0
Glass,Mirror,33.84105328990939,0.0,33996,11323.227707538616,50,0,3.9417577332475924,1
Metal,Matte,37.715746083804866,1.9227058554960106,25905,5444.698219637633,75,0,9.541827407057683,1
Plastic,Mirror,21.603314464512138,0.11600319851743598,19835,3041.987567571306,200,2,32.66085698295416,0
Wood,Mirror,16.46716529983118,0.08825658406038077,16270,2611.190291096654,100,2,7.352317094200547,0
Wood,Hairline,22.249691317801883,0.3538716438008747,34557,17080.711738646853,50,2,0.1,1
Plastic,Mirror,28.084733463220747,0.5153898426396926,23243,10133.13052038769,75,2,14.066188353777473,1
Wood,Hairline,27.596658517130738,0.37339710219905503,15773,7020.564900716694,75,0,11.59321482534625,1
Plastic,Mirror,31.08564265403546,0.0,5356,1440.532236154885,75,0,65.02088754014773,0
Glass,Mirror,44.98981226327646,0.933903793470691,34222,8755.437628780865,200,0,22.163197437027964,1
Glass,Mirror,26.28775622577283,0.0,30852,11683.917479976048,200,2,9.137756134606784,1
Metal,Rough,40.245642433112124,3.024942671808414,21267,6018.538512800617,200,0,37.31084124454812,1
Plastic,Mirror,29.85603523475007,0.0,12585,4596.933231021229,150,1,41.755240973553185,1
Plastic,Mirror,31.7041730126339,0.0,21021,4908.882324148067,150,2,18.323512794030258,1
Metal,Matte,46.94857297546198,1.5889454516392436,22768,4315.902994328189,200,1,39.64514643734242,1
Metal,Matte,36.983353320577066,1.8376539928708804,29128,13513.250511355463,75,0,12.735645402414052,1
Wood,Matte,26.225606598681484,1.340476022392945,29089,5382.5823089474425,75,1,8.151051568930301,1
Plastic,Matte,26.59156225803795,0.9051018540401432,9299,1269.1532438573872,100,1,22.46047495458949,1
Metal,Rough,30.474614744965137,3.824992642328552,13297,5854.721628193027,200,1,41.20774910499155,1
Metal,Mirror,40.525132008060744,0.15169252724882765,17217,7680.761360618586,75,0,23.45512205839656,0
Plastic,Hairline,43.96746989889482,0.23208069785406604,26897,3209.1214448199835,200,2,33.00809426429409,1
Plastic,Matte,27.8397623530881,1.6115015303921778,17309,7752.168599923519,150,2,32.8279894275618,1
Plastic,Mirror,19.48826555025001,0.0,17618,8257.986173867783,150,2,14.214476397956538,1
Wood,Matte,23.040365693487743,2.123308797156131,33371,5675.82891413528,50,0,12.070671888663266,1
Glass,Matte,37.24548850447739,0.9493471569782047,10162,1583.7830469127077,50,1,23.481479270930986,0
Plastic,Mirror,35.539763640478625,0.0,27664,3577.626274314737,75,1,15.2019201321559,1
Wood,Matte,25.27988209993208,0.7616600285504951,12696,2643.849007897516,75,1,11.724542038064063,1
Metal,Matte,37.395774266141636,1.0612369465310976,15713,6211.292078164893,200,2,46.96572628375663,1
Metal,Rough,31.189436903617363,3.983158510269794,28905,7622.1374379487725,150,2,17.400412869499007,1
Plastic,Mirror,20.584087886390336,0.0,32003,6771.803236170686,50,0,3.691280924388314,1
Wood,Matte,25.157720922095585,1.9198062354893335,7099,897.1493992495364,75,0,35.90699161574324,0
Glass,Rough,34.43505453730749,3.270924272234747,14805,6930.243107223531,50,1,17.60235097159322,0
Wood,Hairline,27.775114975913652,1.397891023981356,12997,5195.628921155272,75,2,18.148753240198445,1
Plastic,Hairline,36.27642298121293,0.0,21525,8275.610948761374,200,1,36.89618313855503,1
Metal,Rough,36.10751655449111,2.33637610285959,10320,2525.343403480405,100,1,43.061404717161494,0
Glass,Rough,45.181910472875344,3.412525287079888,22780,10075.669655772112,150,0,23.48775233612106,1
Wood,Hairline,21.096122771763195,0.9961306439222437,26789,6158.853502731459,200,0,10.522793206124742,1
Metal,Hairline,31.281292988471137,0.7883943311133321,6923,3420.294272338775,150,2,93.42520000804731,0
Metal,Rough,40.726974546907506,2.97255917064442,28627,5944.981877690586,50,1,13.68295272210258,1
Wood,Hairline,30.48939015392334,0.9094518875539988,22498,9847.272010172093,75,2,8.723604839632445,1
Metal,Matte,39.35511464529101,2.7846253596689308,7571,2253.40784692149,50,0,28.501893200393045,0
Metal,Mirror,36.949437151091885,0.0,25290,6986.528362151129,75,2,13.345010541522925,1
Wood,Rough,24.704614650303142,3.0846339036007775,25139,5715.070394880675,100,1,8.605724868503543,1
Glass,Hairline,25.107894173322663,0.21548574693593286,26861,9165.377910559686,200,0,16.507460529795438,1
Wood,Hairline,25.426996833540166,0.0,9252,979.0788797033377,75,0,26.31340416283913,0
Plastic,Rough,24.941812471272748,3.0009007865990407,22601,7592.890322543204,100,2,3.798616398004256,1
Metal,Matte,35.19940014236185,0.8141222831749576,12133,1421.6747170728556,50,0,11.842078385541038,1
Plastic,Rough,28.711119891832773,3.4110513065349783,6990,2847.9833590172275,150,2,46.86299762710136,1
Plastic,Mirror,26.062970705503893,0.3015726771060012,23165,2874.6776034155896,50,0,16.151006560325307,1
Metal,Mirror,38.999651606701875,1.718482333734578,7649,3312.2688299636698,50,1,32.399918515016765,0
Glass,Hairline,32.71885065089981,0.32143291568221816,28385,11624.5876069178,150,2,16.76841885187371,1
Plastic,Rough,34.8807626341115,3.233856456003059,17664,8010.615875315216,200,2,40.2217420583424,1
Metal,Rough,41.92235076683457,3.0344537266014875,18905,6061.582319714383,100,2,27.247801954037783,1
Plastic,Hairline,23.956631137673995,0.3225179537545274,21984,9548.388936610647,75,0,5.632535125947927,1
Plastic,Matte,33.18243695748336,2.4981825730995393,7036,1687.3117067462608,200,1,90.21313267264983,1
Metal,Matte,32.27021905119117,2.236632980333575,28986,7728.333168197981,100,2,12.644810670107281,1
Wood,Mirror,26.33698507017934,0.1278364991400898,12835,2681.6045843698266,75,1,22.809823947777573,1
Wood,Mirror,28.867485841527223,1.3784406678958303,23869,6147.061258213379,75,0,15.792410407534472,1
Plastic,Matte,24.677554614780316,1.6228335376051677,16232,7969.99555424268,75,0,12.796131996872806,1
Plastic,Rough,33.54006038751787,2.9373336614757166,15471,4212.693985060132,200,0,67.89890754008033,0
Plastic,Matte,23.599671940934222,1.72393996959486,10007,1414.4362371061038,150,1,37.66957529672604,1
Wood,Mirror,22.48550557302454,0.7412905526119561,33009,6435.665422439287,150,0,9.584960618768239,1
Wood,Matte,23.111053267291002,1.029514866918324,31174,8172.785748048143,200,0,12.503948992437548,1
Wood,Mirror,23.681836401218924,0.0,13099,1561.8449375681541,75,2,18.507003081395855,1
Plastic,Hairline,35.50971800009349,0.4057112017167459,18066,3171.8626776198735,75,2,9.987867789003007,1
Metal,Mirror,40.96785940582772,0.25000085733754707,6191,1558.408551412776,200,1,193.438498163461,0
Glass,Matte,36.454334275786586,1.536214281067277,16642,7811.850611971012,75,2,26.19501510676013,0
Wood,Matte,22.839066911848427,1.039167623724921,27031,10912.901444479869,150,1,14.505683581542552,1
Plastic,Mirror,31.38844319841528,0.5320885710457802,12354,6126.959974866458,200,1,47.44764916608105,1
Wood,Rough,35.561013234991044,3.4571043666548533,22174,2397.2405079761957,150,1,26.65075025021506,1
Metal,Rough,37.886953335549755,3.9156514563060303,31489,11483.00594642714,150,1,10.970350518294365,1
Glass,Matte,48.16882452657226,1.4986748484128802,32393,14987.320327579957,200,2,28.27456526208235,1
Plastic,Rough,30.929662204179934,3.009718773852765,18350,5376.625881152333,50,1,3.4283708242420454,1
Plastic,Rough,20.499110464744497,2.054910505728587,24475,3502.4621778181668,75,1,5.0336522016282865,1
Plastic,Rough,28.82217189404054,2.6655717967421837,14479,5164.559327280897,75,2,13.346884960503274,1
Glass,Matte,35.01411918252493,1.7443518585091555,13105,2033.223314333748,100,0,14.446649027759015,1
Glass,Rough,35.495543073902226,3.2033005424441603,25528,5662.951329131771,150,1,14.196919836586737,1
Plastic,Mirror,33.83243968891696,0.0,20056,7800.133162380804,75,2,16.026405744519302,1
Metal,Hairline,39.05242758845734,0.42713168323789213,34034,9941.30587600419,75,1,10.146404856699892,1
Plastic,Matte,27.480004373041798,1.5761042372174723,9664,3513.3853299101042,150,2,40.70450139567077,1
Metal,Hairline,36.74089731665126,0.20516916952413328,20663,3494.4948492591075,150,2,16.238902752723167,1
Wood,Hairline,20.237608889020564,0.0,13161,2870.4158765318152,200,2,24.63545010429292,1
Wood,Matte,20.652794184774308,2.2032947032387424,31928,6752.664409134345,50,1,3.5363657965363102,1
Glass,Hairline,27.834594370618397,0.07597992269628356,13363,1524.7382360640368,100,1,27.66044272763735,0
Glass,Matte,29.566164890715022,2.0269060798395113,27696,3072.1685746934377,200,0,14.155989754540006,1
Glass,Mirror,26.060460024026792,0.352447801297162,30642,5973.38667414579,150,2,13.079930359927102,1
Plastic,Mirror,24.377317430768596,1.2099688905871955,11125,1437.4518817176136,150,2,26.184069747079967,1
Glass,Mirror,36.35923942705059,0.09875597612698968,19015,5590.26124185513,150,1,32.985017527955634,1
Wood,Matte,20.866147060693546,1.0380231447501458,20303,3139.2590751441353,150,2,10.215279680334175,1
Metal,Rough,37.74996866920869,3.6716490221172133,12336,1345.0152587638854,100,0,36.3477057828893,0
Wood,Hairline,22.332666752246368,0.0,8676,3189.736436818268,150,0,51.58490984295958,0
Glass,Matte,37.5495737487026,2.0012000416068467,11411,1223.1937910160582,200,2,56.47295011022915,1
Wood,Hairline,25.22667556011061,0.8065235063614444,23039,10942.564244083967,50,1,12.70268225872497,1
Glass,Matte,39.57279332492348,0.800571653157302,10434,1790.8363138602226,200,2,104.18825624704897,0
Metal,Rough,44.85798075679455,2.8208995226027085,26085,12778.415089216718,200,1,35.934540696722024,1
Plastic,Rough,22.244318754461545,2.939072845806673,20262,4423.4672006786905,75,1,8.072179147280007,1
Glass,Rough,40.036343313465494,2.802999730949571,29529,5144.131807505022,50,2,0.1,1
Wood,Rough,22.988864007658094,2.3912759532473036,31111,15469.657664550352,50,1,0.1,1
Wood,Rough,25.324424599443656,4.229442338742882,18651,3710.364452883024,50,1,2.4099155921070556,1
Wood,Rough,22.643190066645367,1.8611570798377874,20311,6626.189547809847,200,2,21.447526893621866,1
Metal,Hairline,31.45865829622955,0.778910163429773,26309,4971.77862564695,50,1,3.906749499715354,1
Wood,Mirror,27.64318763323545,0.0,21735,10072.543029672197,150,0,13.9286990874668,1
Plastic,Mirror,23.851079414513215,0.0,10899,4507.663924231762,100,2,40.87602096638812,0
Wood,Matte,27.15746384944273,1.5160421028699633,17567,2986.430138754533,50,1,8.746260248261319,1
Metal,Rough,39.872236572589756,2.73406336594048,25205,3067.832905922799,50,1,8.549025145334065,1
Wood,Rough,28.938105564595467,3.147541406057797,23584,9980.845205674152,75,1,10.574533797203301,1
Metal,Rough,41.20881252569908,3.472089391005755,19182,4148.506610435957,150,1,33.83129868277277,1
Plastic,Matte,25.072178389823073,1.2381378921716606,16966,6469.78505892031,75,0,17.006867253611446,1
Wood,Mirror,27.303087090956424,0.3376055965724116,28785,10791.543995799062,75,2,9.209761330916578,1
Plastic,Hairline,19.847420909509488,0.3805374199939162,19039,7352.201544405371,100,0,7.967190657940403,1
Wood,Rough,32.76141903796904,1.7666916255842673,11950,4278.105446901247,100,1,36.797694191484474,0
Plastic,Rough,34.76162187105867,2.869338229694271,26851,13395.832542318307,200,2,26.679955416651996,1
Wood,Matte,27.141039821287414,1.5929454315575244,31786,12651.186503633411,150,1,17.988865597989513,1
Glass,Hairline,28.315945286480538,0.34813218782107647,25704,7782.535535362817,75,1,8.486900876679373,1
Metal,Matte,46.19150052290667,1.5218968135202646,23816,10721.242308004727,200,1,35.13222184844532,1
Glass,Hairline,35.503819028444376,0.6115253302898304,9876,1085.296562021911,50,1,19.489456879216306,0
Plastic,Hairline,35.70685019454632,0.10573460547653024,20526,10227.784669481656,100,1,8.517881246743064,1
Wood,Rough,25.639020418527657,3.007130608451318,5872,1719.083866687765,100,0,55.750654334600306,0
Metal,Hairline,34.29503911727276,0.734648020690036,31607,15525.116134173211,50,2,12.767165000320656,1
Plastic,Mirror,28.05373493100908,0.36467858969377454,6364,2690.794479010742,100,1,41.115819271093656,1
Metal,Rough,38.403278149584395,2.6547567607480156,21776,8528.262968676785,50,0,0.1,1
Glass,Hairline,20.97190390704437,0.24977433572887536,21554,7760.267478177112,100,0,17.675293916648833,1
Glass,Matte,44.724241280910526,1.5978991179265751,13121,1442.7738108769342,200,0,87.09881782029296,0
Metal,Hairline,39.54422147618716,1.3149428504937064,21005,9511.356392438816,50,1,7.512842538969764,1
Glass,Mirror,30.13818724573511,0.9039179699520828,16417,1712.589304412666,50,0,6.687620241959555,1
Glass,Hairline,35.76351867473678,0.4942462825136351,5853,823.9116361630057,150,1,131.3506053219472,0
Glass,Matte,39.386934416425774,0.9851168571393749,25856,5079.194789402183,150,1,20.97572184397878,1
Wood,Hairline,24.25930952718982,0.37434633010222645,10663,3479.1117787557764,50,2,17.083855058219477,1
Glass,Matte,30.00937377097582,1.938227640877607,15495,2138.5121593736217,200,0,35.2697094372274,1
Plastic,Matte,29.236061939513768,1.3191788345054918,30230,3739.1091449218134,200,1,17.665549595845505,1
Plastic,Hairline,23.82191522197662,0.0,14802,4638.078806114139,100,1,22.215586951226953,1
Metal,Matte,43.18917588945885,1.7985983937866505,16025,2220.3214036623435,75,1,13.513508657116816,1
Wood,Mirror,29.849558497203777,0.1753215782513976,8056,2208.7330488329103,75,1,37.09236925498112,0
Glass,Hairline,43.373901227153155,0.0,12751,5684.752785677285,100,2,54.44792272176698,0
Glass,Mirror,38.597996397836724,0.680564022273266,15471,7199.324034114065,100,2,36.83444193545138,0
Wood,Rough,19.953006387250895,3.2177454734377164,12129,3111.1380504803283,75,2,12.47544595757579,1
Plastic,Mirror,23.185646326051323,0.16374706967882235,29455,9536.660161055173,100,0,7.651217590613313,1
Wood,Hairline,27.870695457090818,0.0,32501,6214.369830242109,100,1,12.21636781894315,1
Wood,Rough,18.656109163816595,3.233915642060019,26961,4530.970496740027,50,2,5.042074400113558,1
Plastic,Matte,29.236022065925184,1.4503492917846166,32267,9352.36126302536,50,1,5.771308108223095,1
Glass,Matte,36.20389161754975,1.6793367407321176,32976,6299.391468733125,150,1,18.95996670824983,1
Plastic,Mirror,22.006697958424674,0.5852196422245378,27157,5425.662913151106,50,1,4.798189488052299,1
Wood,Rough,26.061725190080445,2.846847070582826,9360,1466.5867370449366,200,2,49.09809459828339,1
Metal,Rough,32.64576577780544,3.1262202829620636,18724,6770.278852824951,50,0,13.092321075132402,1
Glass,Hairline,41.017265450085716,0.37143195625371606,9747,3450.7044105638315,200,2,128.7829494904588,0
Wood,Mirror,26.360470655371394,1.111348896320061,33937,4227.826432459846,50,1,0.1,1
Wood,Rough,19.632993731214288,3.3510456824776442,23735,10373.362788319895,50,1,1.4471549666570516,1
Plastic,Matte,32.658277031762836,1.2479699106222975,29476,5658.358378685468,150,0,12.867946727324785,1
Metal,Hairline,29.93713308691344,0.638881396092811,8918,3938.173534608214,50,1,29.75811115134165,0
Wood,Rough,28.226321612256104,2.7002336598103307,6083,2374.8605258557272,75,1,47.61991598775397,0
Plastic,Rough,28.19910814266506,2.982158624860397,5163,2156.5447520902794,150,1,72.69959517981896,1
Glass,Rough,38.512762097993516,2.6202163202273394,13614,4989.551340001435,100,1,36.382905383691,0
Metal,Mirror,29.604991604425205,0.09907170269059129,12106,3321.3243752997328,50,2,8.867764001679962,0
Glass,Mirror,37.54947989504502,0.1103643921413145,10897,5176.070918457837,100,1,43.566638082418166,0
Wood,Matte,18.635693717061613,1.8318375093721944,8822,4328.712918677354,100,1,26.00982290819317,1
Wood,Mirror,26.105522098563668,0.2599520763673182,18576,6786.182658994571,50,0,12.937247291542043,1
Wood,Mirror,18.45441916816874,0.16521184540623765,33957,10187.274525835113,200,2,19.019462827394882,1
Plastic,Mirror,25.643058739590558,0.5481715166747038,14683,5018.0185365971565,75,0,5.633619319332251,1
Glass,Hairline,33.26482663162076,0.373965601154149,10102,2640.270639443348,100,2,49.75864852682285,0
Wood,Rough,35.843013175767965,2.91782980143895,23962,10038.374212523393,100,0,2.6585860966901045,1
Metal,Matte,38.198217858991,0.5710464014730604,28125,3342.7206434124996,50,0,8.42140617885449,1
Glass,Matte,35.39744387018062,1.8402845277880568,7221,2853.309161143414,75,2,52.63704805238551,0
Plastic,Matte,28.103459500732434,1.446604441348615,8866,2488.096720636957,75,2,30.73608333970911,0
Plastic,Hairline,27.263931860387977,0.7972606985972529,24071,3600.171561530817,50,0,15.956648692370074,1
Plastic,Mirror,31.543919925649277,0.4333055908286805,12197,5832.453169436791,75,2,18.20584351664556,1
Wood,Rough,27.443615268611,2.4455198514926977,14342,5189.005873789298,50,0,15.787048161114319,1
Glass,Hairline,35.812828901224016,0.0,25461,7216.991202107527,50,2,7.034113563252092,1
Wood,Mirror,35.16245074854455,0.0,9396,1751.695173703441,150,0,54.677019380967735,1
Wood,Rough,29.9695796207401,3.067827534532214,19727,4913.042728172813,50,0,7.436914378634943,1
Metal,Hairline,34.77323290040247,0.9194627794748089,10691,2625.6934944281443,200,0,86.0988598529253,0
Plastic,Mirror,22.721302365679236,0.0,10283,1077.2762433358928,75,1,18.99536593095445,1
Metal,Mirror,41.24640110573293,0.0,25095,6987.27414033686,75,1,11.764237640882829,1
Glass,Matte,31.26959843227197,1.6264380354548404,29976,14357.85970482337,150,2,12.976316249895604,1
Glass,Matte,29.881213955433775,1.4982229326767194,25305,7208.620052959079,50,1,1.3903191963482602,1
Wood,Hairline,24.48996600377259,0.9043570777869421,16022,2831.161735024739,150,1,24.868159705427143,1
Glass,Hairline,29.349208587296395,0.8710379545919121,5246,1792.7079495662133,150,2,127.50020198757437,0
Glass,Hairline,32.63647276825305,0.5953455225092944,10313,1349.0280252555008,200,0,101.04115026371957,0
Wood,Rough,32.614940623047694,2.548867056509192,20146,7411.598646681025,75,1,9.103613525549447,1
Plastic,Mirror,30.49225220935436,0.0,20184,3205.388391350954,75,1,4.054721264405405,1
Wood,Mirror,27.729395706266775,0.7603402819728043,17636,7142.392340769671,200,1,33.427222393624994,1
Wood,Matte,12.751616207859138,1.5331035845354968,27494,6800.976509106114,50,2,0.1,1
Glass,Mirror,33.34960650229888,0.6759341534314326,23336,7878.175691508353,200,0,34.77350710515145,1
Glass,Rough,46.78277307765236,2.9851830940633377,21362,3469.876104226092,150,0,26.65651990747299,1
Metal,Mirror,36.26818551385681,0.0,11709,2341.8288055457933,100,2,40.79970804462552,0
Plastic,Matte,26.462426762870187,1.5618911387534498,21474,3515.7346041892697,50,0,14.845129272902835,1
Wood,Matte,18.847888857631474,1.8827646392008142,12066,5267.320636419969,150,2,23.673101098639762,1
Glass,Rough,39.80402108243339,2.4031959036305106,25877,4854.230801952518,150,0,29.28267875527243,1
Glass,Hairline,31.533716228509363,0.7055599270911487,25759,2617.130633429839,75,1,6.069250131259309,1
Plastic,Matte,28.22036011635451,1.861075497241691,23531,5043.984288597218,200,1,31.65760053555637,1
Glass,Mirror,26.856042388906538,0.0,30533,10383.159618490226,150,1,10.10499377525559,1
Wood,Hairline,32.67187055678445,0.6268137371724128,5887,827.565392855978,150,1,82.40820390394113,1
Metal,Mirror,32.420021793163365,0.9169304748373446,19892,5640.147399551193,150,0,20.443727267097472,1
Plastic,Rough,30.813579124595094,3.1348033336838914,12987,5649.647761419721,75,0,24.383704178077764,0
Metal,Matte,40.64571774589318,1.0231076498857112,19797,4985.33802731066,100,2,20.52331711844011,1
Plastic,Rough,29.478201077735395,3.0382979638980325,21716,8773.917926830103,150,0,22.317745104716344,1
Glass,Hairline,35.60237562911708,0.280294377882085,10255,5018.881060806002,75,0,36.08390112680479,0
Wood,Matte,30.35272700265764,2.4129824862470386,6758,2792.2602006399397,100,2,41.41783247354494,1
Plastic,Hairline,29.785058079820573,0.0,5086,2367.2146254633226,200,1,170.3780989716825,0
Metal,Mirror,47.79216181922242,0.0,29033,2974.339677164183,100,1,31.746384712497292,0
Wood,Rough,26.751810857807218,3.2398785035920006,13032,3069.1758113815913,100,0,23.575527237331656,1
Metal,Matte,26.323215337835123,1.2710578108450983,21270,9299.04321246415,150,0,29.311319472739648,0
Wood,Rough,20.88306726136023,2.4299550466457314,23734,5725.214673616173,100,0,8.359503446629452,1
Wood,Mirror,28.10003652178493,0.6092735303297252,12917,2909.480562598756,200,1,53.9868491862541,1
Glass,Hairline,33.2991455844642,1.5058043021858394,15924,5388.987500686654,50,2,11.233528091349253,0
Wood,Matte,23.700067663598965,1.2771102913166963,23895,8208.691602271905,150,2,13.2700597022876,1
Wood,Mirror,33.94613747995261,0.16035564047994771,20318,7397.9223077454,75,1,18.791665047336288,1
Wood,Matte,15.530404873206386,0.5991631188687424,24903,8045.048873727814,150,1,14.468782985395638,1
Glass,Mirror,38.433469681097904,0.0,33809,14631.610026606024,150,0,20.907020228669293,1
Glass,Matte,36.96893587386868,0.0,11036,3728.1204243803504,75,0,32.92690049721093,0
Metal,Mirror,36.98149390714943,0.4328836697955918,21108,6569.035556757714,150,1,24.691633181450655,1
Glass,Matte,47.567011496530164,1.5192597718512288,28319,7832.4464229943305,100,1,20.766131017485463,1
Metal,Rough,34.514291558706496,3.0111501918311534,34423,5958.175098703393,150,0,1.86472716068789,1
Glass,Rough,39.52047074451712,2.493495001079358,30609,11571.760699416851,200,0,23.180975390602953,1
Glass,Mirror,36.003274944116285,0.0,9730,1050.447432145266,50,1,14.93278463892306,1
Plastic,Mirror,27.73141019405065,0.42660681437142967,9048,1013.2551248364656,75,0,38.85699477199388,0
Plastic,Rough,28.517129636330274,2.4396593924618193,11376,4514.539197166033,50,2,18.00805000519158,0
Metal,Hairline,40.274060899126916,0.4417403026560467,11469,2652.793161299425,50,0,30.340709473572876,0
Glass,Matte,39.42607251302599,2.6307368708367993,12058,1586.8670368519558,75,1,40.390292556172895,0
Glass,Hairline,35.90431336433884,0.8289365815767116,10638,4831.607536004656,150,1,68.30272244772729,0
Glass,Hairline,37.18302497463366,0.8791118025442689,33340,7104.34961920681,100,1,8.075749549577308,1
Plastic,Mirror,33.87881827782668,0.44525292083419254,19480,7303.309317916771,100,2,12.359445481931662,1
Plastic,Rough,30.588601488754215,3.4882112959521114,26818,7976.421791859828,150,1,21.25500863351393,0
Plastic,Mirror,31.379694408401345,0.0,19947,4526.646017363251,50,1,0.1,1
Metal,Matte,41.87311025626683,1.124111740766049,28316,10882.011842331196,200,2,26.790668514207745,1
Wood,Rough,26.775262824365353,3.1711957436597444,29060,6092.383349176422,200,0,14.561998830665651,1
Metal,Rough,43.44868332952274,1.5259907963744497,10440,4724.678539033527,100,2,39.201615110774384,1
Metal,Mirror,38.61102726904255,0.06634515735221402,11124,2859.9378409850083,50,1,30.565209912882498,0
Glass,Mirror,34.92796564052267,0.6576569791356275,33397,16087.041486155224,50,2,12.368598873340279,1
Glass,Hairline,30.511024625167018,0.9388178698863878,28189,8146.213391970025,100,0,0.1,1
Glass,Hairline,38.91596529132535,0.6174688350566052,10125,1684.3668963611224,150,2,79.67273321059047,0
Wood,Matte,20.01952941857929,1.9675806756318621,23198,10157.229309484333,50,2,1.3087758571396555,1
Plastic,Hairline,30.382201340287992,0.00035635715949416946,24740,4351.820631222143,75,1,3.4383015200751483,0
Wood,Rough,24.45827783900524,2.01283401428324,14395,3986.1257061076776,150,0,29.29127595945778,1
Metal,Rough,41.04742915165016,2.722627894091581,21306,7690.374291120076,100,1,18.42116371155274,1
Wood,Mirror,20.50425042115354,0.20847787471928642,22501,3850.62912312628,100,2,11.07946380445324,1
Plastic,Mirror,32.767991038789575,0.5518413796886065,11036,1667.7179063734604,75,1,31.431047602072976,0
Wood,Hairline,29.62586440285731,0.019725351989061002,25299,3488.9762871291523,100,2,8.37096154054557,1
Glass,Rough,41.80666849465675,2.5946755879782915,20323,7078.904409836451,150,2,28.008503805877428,1
Metal,Rough,40.87935859391688,3.3853403950391616,34375,7301.641605298004,200,2,23.720862424864578,1
Glass,Matte,44.16983243699901,1.6480264521880676,31557,4879.947363457208,50,2,8.267865565957866,1
Glass,Rough,35.778811118696304,2.7412573597659318,6219,2123.152067656278,100,1,82.7802541112423,0
Glass,Mirror,32.305307510547486,1.258256473507122,17386,6499.237761705646,200,0,32.72227215873273,1
Wood,Mirror,21.540242415347105,0.0,27896,6616.832591783199,150,2,15.22034529216854,1
Metal,Matte,47.67970196793449,1.0636179098117917,14703,1819.742582727368,200,1,86.13574130418081,0
Plastic,Mirror,37.03869348479103,0.21174756327471245,13589,3852.030053356454,75,2,31.31916963711204,1
Metal,Mirror,41.771097161200366,0.18345627912759713,6188,2489.110267683532,150,0,99.80742453661439,1
Glass,Mirror,38.32399467580995,0.5832279504991994,33394,10565.03033925846,100,2,3.7648460123416694,1
Plastic,Hairline,18.44116310947095,0.5426623262495917,26723,7571.38751975732,100,2,2.801181656531508,1
Wood,Mirror,29.223303154094303,0.3064389917711202,23101,2745.371433700665,150,2,19.681366266397102,1
Glass,Hairline,35.957516840145594,0.7152987448540757,21603,6429.5927235299005,200,0,30.285864127063427,1
Plastic,Matte,36.122222757051034,2.1495573415691096,24110,4140.695975307221,200,0,27.858886592649878,1
Wood,Mirror,30.734294958113974,0.0,30728,10644.551776944896,50,2,0.1,1
Metal,Matte,45.108937399428726,1.7660095587958984,19148,4574.306887247333,100,2,21.961448361723527,1
Wood,Hairline,25.533863625464797,0.4771783775742085,19989,7376.451552329635,50,1,13.106808675741984,0
Plastic,Mirror,34.4448215932426,0.0,22942,4979.729042407739,100,0,18.61197919748612,1
Glass,Rough,29.619462024777505,2.9768467399706346,23932,6023.780044328196,100,2,15.663879176328043,1
Metal,Rough,45.72517768694222,2.549325124288693,31347,7410.2246565817395,75,0,11.808793813863792,1
Metal,Hairline,41.125199927565674,0.9278236446022681,32672,6240.410937511217,200,1,18.616214186924473,1
Plastic,Rough,29.891586387965475,3.541929927719995,33573,14189.343125160649,200,2,28.400776168551353,1
Wood,Mirror,24.12687819593342,0.0,19870,4150.647695303648,50,1,6.416760594636162,1
Wood,Hairline,23.833181203546413,0.007446717392528113,28254,7890.96087057362,75,2,2.3694027640894655,1
Wood,Mirror,27.561933059073226,0.0,13123,4055.11875466528,150,2,26.553394362778178,1
Metal,Matte,46.44169804696735,1.5710782411839455,13368,6380.13435239089,200,2,95.03915726142856,0
Metal,Rough,44.71958971439145,2.110424915837492,13964,2622.38892816,100,0,46.4438367324131,0
Glass,Hairline,38.66774570944686,0.4077924016568818,13137,2616.439520267792,200,1,50.9818011958411,1
Wood,Matte,16.808663924603778,1.0837804181543962,32455,7954.864090944056,200,2,11.122455297943723,1
Plastic,Mirror,21.387997758300834,0.401289765566909,12504,5044.824965159384,150,2,23.386142163779024,1
Wood,Mirror,15.419888199205106,0.6836116293340982,14745,1836.9888073984323,50,1,10.427722452325922,1
Glass,Rough,25.755649337472775,2.5300236960136187,13202,4941.929806639177,50,0,9.840945662016152,1
Metal,Mirror,38.78912743484864,0.2547434177237736,5191,668.1494465075336,200,1,216.42874382881453,0
Wood,Rough,31.144223664355756,2.90534422840104,30519,9036.33813405023,200,1,32.343779219928585,1
Glass,Rough,41.88744568890849,3.248369191530963,16694,7808.695744272367,75,2,16.839484768599398,1
Plastic,Rough,45.57031799128789,2.5271836360638296,26155,4669.113231361559,150,1,28.007986581897335,1
Plastic,Mirror,30.6277974822396,0.0,5735,2383.5303273238837,150,2,125.46892279653214,0
Metal,Matte,40.63385136338988,1.3972480058531034,27894,6023.835446440033,200,2,25.77491353023981,1
Wood,Hairline,28.965103568062425,0.4671925898689091,22705,7808.872614857492,200,2,27.602282987913107,1
Glass,Mirror,30.787273278219367,0.4566855725061342,9473,2907.487968475568,100,1,40.68477707350081,0
Wood,Rough,12.180239401831749,3.0663255314406355,28282,2900.4931019396977,75,0,0.1,1
Glass,Hairline,33.54467343982999,0.8237467796487927,9515,4044.370398930192,50,0,31.80954445026832,0
Metal,Matte,39.529379746492474,1.9892773491733349,8545,3759.879995937373,75,0,26.779742813899674,1
Metal,Mirror,39.718700870010686,0.0,23336,3419.1968983026904,100,0,15.642766130065777,1
Glass,Rough,31.63128607037114,2.7553239039963864,14103,6488.45656937823,75,2,22.6038017620677,1
Metal,Mirror,37.94118806446193,0.0,25891,3861.626419326901,50,0,7.5124591483544005,1
Wood,Mirror,22.68523943532569,0.09451131539499712,10645,2705.8037049725763,200,1,54.69452796864634,0
Metal,Hairline,36.485384049926324,0.45908608953467395,6847,1805.5383740035059,100,1,54.35777980671668,1
Metal,Mirror,35.570651563913806,0.0,27467,4285.8628323659,150,0,15.498195412745915,1
Glass,Rough,39.97956304281364,2.693222418065627,30440,11174.56676865067,200,1,27.70041225205713,1
Glass,Rough,40.65674850226533,2.706188096345279,29703,8801.631903212643,100,1,6.736241888373499,1
Metal,Rough,40.69515058064674,2.4499030899927177,24267,7558.073348577574,150,0,22.09881748065075,1
Plastic,Hairline,32.71999381623158,0.2761582440737888,6432,2102.0378514698914,200,2,145.12194793507874,0
Metal,Mirror,38.0979486753383,0.0,25356,4838.684083938725,200,2,28.14904302765408,1
Metal,Hairline,37.35108239736589,0.7694820834444648,15256,7056.035452731408,50,1,17.683927120106446,1
Wood,Rough,18.57357384181303,2.862012228814638,33630,13414.559412152585,50,1,4.294070626279872,1
Wood,Hairline,13.567985168045858,1.030064545116567,31525,10839.482284319934,75,0,1.0180240233321083,1
Plastic,Mirror,31.43743662770874,0.3664159935211323,17411,6038.000263177275,75,1,15.2205934743831,1
Metal,Hairline,39.732004097779765,0.0,5218,2460.4877151761634,100,0,117.48476530211383,0
Plastic,Hairline,36.9132783363421,0.5563624903009851,25263,10541.490122521891,50,1,10.193304743490547,1
Metal,Hairline,40.71649229173792,0.40072690407948997,28687,11453.677109965813,75,0,5.137161879003449,1
Metal,Hairline,43.08258525862265,0.7658156495114634,15730,6740.932395046754,75,0,19.572641404580786,1
Metal,Hairline,36.11813123594318,0.7365843932816564,10785,5280.8110323990695,200,1,103.98833577369831,0
Glass,Mirror,30.462886983076388,0.0,16127,5989.707889597894,50,0,11.516579893236983,1
Glass,Rough,36.02242447264479,3.38490078395762,23177,10687.233519097093,75,0,13.499458548863387,1
Glass,Matte,21.26395331397376,1.4328107621899984,29365,9312.390562751403,150,1,11.454442433856627,1
Plastic,Mirror,26.463312553751784,0.4339923596018018,11068,4344.724948386031,200,1,48.87682778687011,1
Plastic,Rough,31.641504109943632,3.181505082960559,28920,8736.512055119469,200,0,20.33219265831445,1
Glass,Hairline,33.5528053415369,1.1303173031487046,20190,9152.050340288832,200,2,30.737529320630212,1
Plastic,Matte,26.784513308555624,0.9342110228638093,34222,6852.403855953496,150,0,10.982200369434208,1
Glass,Mirror,36.56629592508444,0.0,25328,8303.891561889019,100,0,18.298261623383624,1
Plastic,Rough,37.97922920725788,2.5712883617421785,19937,9142.381374787406,200,0,40.71140822589455,1
Metal,Hairline,34.02527880123547,0.0,9532,2323.967903834945,200,2,102.47786203663055,0
Wood,Mirror,19.518788567528198,0.0,13491,3424.4825991482985,150,1,22.669613084491427,1
Metal,Rough,30.197554733781015,3.335828914827238,13765,5018.557186143957,200,0,59.84333897931457,0
Plastic,Mirror,25.60667658027758,0.0,5299,614.5105175038905,75,1,49.161202363395205,0
Metal,Mirror,37.411345936977845,0.018347946030417506,23032,2624.0713338304017,100,2,13.325869114688007,1
Glass,Rough,33.31533229096448,2.615046981366681,16473,6663.736224110424,75,0,8.382588449007047,1
Glass,Matte,41.94843594202311,1.4359963022941282,14338,2475.24698867633,75,1,22.597860606501,1
Wood,Rough,26.910029064304737,2.784398829778912,27060,2730.9920240043484,150,2,18.726956263915053,1
Metal,Mirror,46.400320834263965,0.3137340245682138,24002,3475.970474837436,100,1,11.902146959437523,1
Plastic,Hairline,24.98586498316707,0.7107045882772856,21274,7378.799730535193,100,2,11.851162440313304,1
Glass,Rough,34.25798985001344,2.9736905198929584,9084,2696.055467087986,200,2,111.66934721531622,0
Glass,Mirror,41.11607621762801,0.0,15419,1961.1323900000757,50,1,14.526221452700575,1
Glass,Hairline,38.17446445566497,0.0,25166,4703.525053464727,75,1,8.677649094701138,1
Metal,Hairline,40.553139363727865,0.6119427207450912,33331,10205.643709813157,75,0,14.847634948910141,1
Plastic,Hairline,29.255184398744966,0.4454188560938595,10581,2408.011735566776,100,2,29.28211096383006,1
Wood,Matte,21.806064307439758,1.514140873542904,14163,4764.451379999953,100,0,14.05998421123191,1
Plastic,Rough,27.91630121235467,3.108735560778415,25700,9002.397957816425,200,1,20.922068130969894,1
Metal,Rough,33.64455483567512,3.1702260918487895,31189,9845.688696914414,150,2,20.838575176197807,1
Plastic,Rough,31.183887266001015,2.540811343750863,34557,13374.087389447886,100,1,18.499857412792675,1
Glass,Hairline,30.843313545305328,0.8635942135221166,6910,1059.7144680219667,150,1,94.54132611258716,0
Plastic,Rough,28.69571006357216,2.493647601689458,6973,2737.227430698674,75,2,45.954532783201074,0
Glass,Hairline,25.330648253777056,0.8095574527119642,11194,2914.385134381631,200,2,40.48579217597944,1
Metal,Rough,36.922847875394545,2.9815152534303926,29158,10518.64654011628,50,1,0.1,1
Plastic,Matte,34.75451057578201,1.5485251126899404,14278,5613.914544053459,50,1,11.588063516154158,1
Plastic,Hairline,30.195175838267996,0.9873289148999229,17210,4752.427487168484,200,2,35.10748595814823,1
Wood,Hairline,25.925972079184266,1.3461029042104182,33742,11320.710225903444,75,2,3.8446287255085667,1
Glass,Matte,35.607252567506166,1.1057489915431467,12337,5534.894269257313,75,0,40.98702904948641,0
Metal,Rough,40.372962011395686,3.5730044172258975,17368,3919.9251019214475,150,0,25.337322525304415,1
Glass,Hairline,38.741824054483125,0.0,26631,3716.773232271853,50,0,14.205646617848878,1
Wood,Rough,22.910983026947406,3.501875469774817,18240,6275.180826741315,100,1,9.816205631611767,1
Glass,Mirror,29.84484281801184,0.20995039355817952,31633,6402.250833408224,50,1,0.1,1
Metal,Rough,37.537394329537534,2.007573812910381,33357,10642.55151588861,100,0,15.499007971718651,1
Wood,Matte,26.833464754101595,1.793806833467441,7493,1877.8849865579605,150,0,70.06051433486552,0
Plastic,Matte,22.014926574563134,1.9939480527967914,23429,9863.829291937342,200,0,20.833563880912592,1
Wood,Rough,32.99372477803028,3.6168474754548785,12973,4487.0298897815765,100,0,31.070765302639202,0
Plastic,Hairline,39.82223635226214,0.0,18960,6573.851242212004,200,1,51.52899412926229,0
Plastic,Rough,32.308450190533115,2.3348095472101913,33482,11472.667126476501,75,1,4.585662539443185,1
Glass,Matte,30.62423184586268,1.7781729413043674,19970,3764.319641655284,150,2,27.194844516583185,1
Glass,Rough,45.10012300842034,2.782428163682905,5580,591.0583812842183,200,2,232.44602802329638,0
Wood,Hairline,31.28910328509743,0.35835474962742775,18926,6409.194455262891,150,2,21.644240548879857,1
Plastic,Rough,20.270129716297397,2.6067336688630247,12642,1271.1293626978108,75,2,22.08084157622892,0
Glass,Hairline,38.03471200083295,0.1738161231936416,13218,4683.053667695646,75,0,19.224061837650552,1
Plastic,Mirror,30.05190817713758,0.23425248550923353,7318,3187.354414002008,75,1,49.06657832520755,0
Metal,Hairline,39.11991978142327,0.913036732629039,16610,5804.935895999532,75,2,27.555061834593783,0
Plastic,Hairline,27.121521388590786,0.588349939573944,9773,2192.8589160521024,200,0,74.19590113443341,0
Glass,Hairline,21.996524266412536,0.8394696654677029,23474,9735.952374718912,50,2,6.248941870761897,1
Plastic,Hairline,32.02316111461709,0.9476303005518955,9409,1807.604415650252,150,0,45.019469550070866,1
Metal,Hairline,42.30313152742299,0.9798124753901802,10713,3272.721064449865,75,1,46.58399576591879,0
Glass,Rough,34.89206206739598,3.218314774797694,19280,7659.791301446984,200,2,37.8366264117864,1
Wood,Matte,27.253869691481718,0.9409742855211929,28985,10815.88972867494,50,2,5.9229561846608645,1
Wood,Rough,26.030912702357515,3.550535493258639,10335,3425.902795306587,50,0,22.487103624348393,0
Glass,Matte,37.78729459872179,2.2691153628292224,29165,8829.714978740416,150,2,26.104422844842603,1
Metal,Mirror,28.84110065418627,0.0,21894,8305.313899925208,100,2,19.738953559833046,1
Plastic,Mirror,22.839917269002534,0.7893307805456592,34099,15248.48218180321,50,2,6.192913731254856,1
Wood,Hairline,20.376103462811052,0.9786268870046209,27169,13440.522470744683,50,0,1.146482306130248,1
Plastic,Hairline,32.801775558108744,0.6834962945336497,34957,14865.11303198942,50,1,3.138386001439896,1
Metal,Rough,43.90370345461747,3.6105330295487494,28170,13018.73929349557,100,0,19.543446906208686,0
Metal,Matte,33.105036915616445,0.5387608732657309,14216,2344.734677335942,50,1,12.382617049199508,1
Glass,Matte,34.62171055327032,1.6128738631280297,25389,4042.0516459851083,75,1,9.82472648181451,1
Glass,Mirror,28.281201847485804,0.47285044730688575,18332,6886.094027516695,75,0,14.660030125984335,1
Glass,Matte,32.367539711478784,1.8390833446656503,8440,1515.915549422348,150,2,88.44422819172428,0
Plastic,Matte,44.2856547797087,0.9526495123822586,9008,1133.6142648317061,50,2,45.69403979328095,0
Plastic,Mirror,27.02236781380993,0.14786538975073027,9501,1982.3489823852701,75,0,18.435095537255567,1
Glass,Hairline,34.42078392365249,0.3525408567150038,7996,1477.7661906435635,200,2,85.48080989266171,1
Glass,Rough,29.488226977283677,3.338680244077512,5542,1179.925698730001,200,2,154.71908756372414,0
Plastic,Matte,29.07179808969849,2.139064904467477,21832,3415.8015806792278,200,1,39.85940199574051,0
Wood,Matte,22.09762161756229,1.7655434885259493,10328,2887.8295871397345,50,1,13.39757898824556,0
Plastic,Matte,25.406603501263675,2.071104986233109,19183,9016.411488036316,100,0,18.169838957846352,1
Plastic,Mirror,36.834339041851734,0.22764217786978994,32463,4561.266771612598,100,2,16.290331436633565,1
Plastic,Hairline,29.19400496821115,0.647009644202515,9722,1271.3482090693185,100,1,46.53796561807651,0
Plastic,Matte,26.889353131475602,1.6280413235720728,21241,7099.814688548344,200,1,20.402330118400993,1
Wood,Mirror,29.710788924850846,0.0,16480,1653.8789752296518,75,1,17.0350467196733,1
Wood,Rough,33.21532524363185,3.4374971494609556,33550,14307.297198157847,100,2,10.84544099950549,1
Glass,Hairline,39.35570454875207,0.07862223025765286,15672,2730.4077860017633,150,1,60.214534698786586,0
